[0m01:40:33.167280 [debug] [MainThread]: Sending event: {'category': 'dbt', 'action': 'invocation', 'label': 'start', 'context': [<snowplow_tracker.self_describing_json.SelfDescribingJson object at 0x7d9082339fd0>, <snowplow_tracker.self_describing_json.SelfDescribingJson object at 0x7d90841e1bd0>, <snowplow_tracker.self_describing_json.SelfDescribingJson object at 0x7d90801379d0>]}


============================== 01:40:33.186550 | 89ac2742-2d9e-4ce3-8742-918eb584f537 ==============================
[0m01:40:33.186550 [info ] [MainThread]: Running with dbt=1.12.2
[0m01:40:33.188652 [debug] [MainThread]: running dbt with arguments {'version_check': 'True', 'write_json': 'True', 'log_format': 'default', 'fail_fast': 'False', 'invocation_command': 'dbt deps', 'hints_enabled': 'True', 'printer_width': '80', 'use_experimental_parser': 'False', 'cache_selected_only': 'False', 'log_cache_events': 'False', 'target_path': 'None', 'warn_error_options': 'WarnErrorOptionsV2(error=[], warn=[], silence=[])', 'introspect': 'True', 'send_anonymous_usage_stats': 'True', 'indirect_selection': 'eager', 'warn_error': 'None', 'log_path': '/usr/local/airflow/include/dbt/logs', 'use_colors': 'True', 'profiles_dir': '/usr/local/airflow/include/dbt', 'partial_parse': 'True', 'debug': 'False', 'quiet': 'False', 'empty': 'None', 'maximum_seed_size_mib': '1', 'static_parser': 'True', 'no_print': 'None'}
[0m01:40:38.117115 [debug] [MainThread]: Sending event: {'category': 'dbt', 'action': 'project_id', 'label': '89ac2742-2d9e-4ce3-8742-918eb584f537', 'context': [<snowplow_tracker.self_describing_json.SelfDescribingJson object at 0x7d9080e0ab10>]}
[0m01:40:39.236058 [debug] [MainThread]: Set downloads directory='/tmp/dbt-downloads-qw7vvvd3'
[0m01:40:39.238676 [debug] [MainThread]: Making package index registry request: GET https://hub.getdbt.com/api/v1/index.json
[0m01:40:45.744770 [debug] [MainThread]: Response from registry index: GET https://hub.getdbt.com/api/v1/index.json 200
[0m01:40:45.763062 [debug] [MainThread]: Making package registry request: GET https://hub.getdbt.com/api/v1/dbt-labs/dbt_utils.json
[0m01:40:45.915656 [debug] [MainThread]: Response from registry: GET https://hub.getdbt.com/api/v1/dbt-labs/dbt_utils.json 200
[0m01:40:45.945678 [info ] [MainThread]: Updating lock file in file path: /usr/local/airflow/include/dbt/package-lock.yml
[0m01:40:45.996363 [debug] [MainThread]: Set downloads directory='/tmp/dbt-downloads-a8_yko_d'
[0m01:40:46.035853 [info ] [MainThread]: Installing dbt-labs/dbt_utils
[0m01:40:58.625127 [info ] [MainThread]: Installed from version 1.1.1
[0m01:40:58.627116 [info ] [MainThread]: Updated version available: 1.4.1
[0m01:40:58.629593 [debug] [MainThread]: Sending event: {'category': 'dbt', 'action': 'package', 'label': '89ac2742-2d9e-4ce3-8742-918eb584f537', 'property_': 'install', 'context': [<snowplow_tracker.self_describing_json.SelfDescribingJson object at 0x7d9080a13350>, <snowplow_tracker.self_describing_json.SelfDescribingJson object at 0x7d9080a13240>]}
[0m01:40:58.634339 [info ] [MainThread]: 
[0m01:40:58.638996 [info ] [MainThread]: Updates available for packages: ['dbt-labs/dbt_utils']                 
Update your versions in packages.yml, then run dbt deps
[0m01:40:58.645973 [debug] [MainThread]: Resource report: {"command_name": "deps", "command_success": true, "command_wall_clock_time": 25.84195, "process_in_blocks": "40002", "process_kernel_time": 20.608004, "process_mem_max_rss": "152036", "process_out_blocks": "200", "process_user_time": 7.567669}
[0m01:40:58.649776 [debug] [MainThread]: Command `dbt deps` succeeded at 01:40:58.649176 after 25.85 seconds
[0m01:40:58.653921 [debug] [MainThread]: Sending event: {'category': 'dbt', 'action': 'invocation', 'label': 'end', 'context': [<snowplow_tracker.self_describing_json.SelfDescribingJson object at 0x7d9080a35e50>, <snowplow_tracker.self_describing_json.SelfDescribingJson object at 0x7d9080c3ae40>, <snowplow_tracker.self_describing_json.SelfDescribingJson object at 0x7d9080e04b90>]}
[0m01:40:58.657842 [debug] [MainThread]: Flushing usage events
[0m01:40:58.924861 [debug] [MainThread]: An error was encountered while trying to flush usage events
[0m01:41:24.313267 [debug] [MainThread]: Sending event: {'category': 'dbt', 'action': 'invocation', 'label': 'start', 'context': [<snowplow_tracker.self_describing_json.SelfDescribingJson object at 0x7a3c83379fd0>, <snowplow_tracker.self_describing_json.SelfDescribingJson object at 0x7a3c85225bd0>, <snowplow_tracker.self_describing_json.SelfDescribingJson object at 0x7a3c811df9d0>]}


============================== 01:41:24.324389 | 1a72fe2a-3007-4a12-9ab5-bf2d4f5b4cba ==============================
[0m01:41:24.324389 [info ] [MainThread]: Running with dbt=1.12.2
[0m01:41:24.326838 [debug] [MainThread]: running dbt with arguments {'log_cache_events': 'False', 'warn_error': 'None', 'hints_enabled': 'True', 'target_path': 'None', 'write_json': 'True', 'warn_error_options': 'WarnErrorOptionsV2(error=[], warn=[], silence=[])', 'invocation_command': 'dbt run --select staging --profiles-dir /usr/local/airflow/include/dbt/', 'use_colors': 'True', 'debug': 'False', 'no_print': 'None', 'send_anonymous_usage_stats': 'True', 'version_check': 'True', 'static_parser': 'True', 'quiet': 'False', 'cache_selected_only': 'False', 'maximum_seed_size_mib': '1', 'log_format': 'default', 'profiles_dir': '/usr/local/airflow/include/dbt/', 'use_experimental_parser': 'False', 'printer_width': '80', 'empty': 'False', 'log_path': '/usr/local/airflow/include/dbt/logs', 'fail_fast': 'False', 'indirect_selection': 'eager', 'partial_parse': 'True', 'introspect': 'True'}
[0m01:41:35.656377 [debug] [MainThread]: Snowflake adapter: Setting snowflake.connector to ERROR (file logging only)
[0m01:41:35.657999 [debug] [MainThread]: Snowflake adapter: Setting botocore to ERROR (file logging only)
[0m01:41:35.659798 [debug] [MainThread]: Snowflake adapter: Setting boto3 to ERROR (file logging only)
[0m01:41:36.000440 [debug] [MainThread]: Sending event: {'category': 'dbt', 'action': 'project_id', 'label': '1a72fe2a-3007-4a12-9ab5-bf2d4f5b4cba', 'context': [<snowplow_tracker.self_describing_json.SelfDescribingJson object at 0x7a3c5cc6b6f0>]}
[0m01:41:36.081495 [debug] [MainThread]: Sending event: {'category': 'dbt', 'action': 'adapter_info', 'label': '1a72fe2a-3007-4a12-9ab5-bf2d4f5b4cba', 'context': [<snowplow_tracker.self_describing_json.SelfDescribingJson object at 0x7a3c5cbcb9b0>]}
[0m01:41:36.091109 [info ] [MainThread]: Registered adapter: snowflake=1.10.5
[0m01:41:36.310722 [debug] [MainThread]: checksum: cc35750ecde71b865d75821767eaac2efd404a8abed9e099166986ed39d3d5d9, vars: {}, profile: retail, target: dev, version: 1.12.2
[0m01:41:36.320718 [info ] [MainThread]: Unable to do partial parsing because saved manifest not found. Starting full parse.
[0m01:41:36.324467 [debug] [MainThread]: Sending event: {'category': 'dbt', 'action': 'partial_parser', 'label': '1a72fe2a-3007-4a12-9ab5-bf2d4f5b4cba', 'context': [<snowplow_tracker.self_describing_json.SelfDescribingJson object at 0x7a3c5cbc0b50>]}
[0m01:41:37.076633 [warn ] [MainThread]: [[33mWARNING[0m][CustomTopLevelKeyDeprecation]: Deprecated functionality
Unexpected top-level key name in file
`models/staging/retail/_retail__sources.yml`
[0m01:41:37.080531 [debug] [MainThread]: Sending event: {'category': 'dbt', 'action': 'deprecation', 'label': '1a72fe2a-3007-4a12-9ab5-bf2d4f5b4cba', 'property_': 'warn', 'context': [<snowplow_tracker.self_describing_json.SelfDescribingJson object at 0x7a3c5c9596d0>]}
[0m01:41:37.083132 [error] [MainThread]: [[31mERROR[0m]: Encountered an error:
Parsing Error
  The schema file at models/staging/retail/_retail__sources.yml is invalid because the value of 'models' is not a list
[0m01:41:37.086638 [warn ] [MainThread]: [[33mWARNING[0m][DeprecationsSummary]: Deprecated functionality
Summary of encountered deprecations:
- CustomTopLevelKeyDeprecation: 2 occurrences
To see all deprecation instances instead of just the first occurrence of each,
run command again with the `--show-all-deprecations` flag. You may also need to
run with `--no-partial-parse` as some deprecations are only encountered during
parsing.
[0m01:41:37.094690 [debug] [MainThread]: Resource report: {"command_name": "run", "command_success": false, "command_wall_clock_time": 12.950426, "process_in_blocks": "1208", "process_kernel_time": 7.83826, "process_mem_max_rss": "249844", "process_out_blocks": "0", "process_user_time": 10.714762}
[0m01:41:37.101672 [debug] [MainThread]: Command `dbt run` failed at 01:41:37.100510 after 12.96 seconds
[0m01:41:37.105835 [debug] [MainThread]: Sending event: {'category': 'dbt', 'action': 'invocation', 'label': 'end', 'context': [<snowplow_tracker.self_describing_json.SelfDescribingJson object at 0x7a3c811502f0>, <snowplow_tracker.self_describing_json.SelfDescribingJson object at 0x7a3c5c90f4d0>, <snowplow_tracker.self_describing_json.SelfDescribingJson object at 0x7a3c820ea340>]}
[0m01:41:37.108856 [debug] [MainThread]: Flushing usage events
[0m01:41:37.337550 [debug] [MainThread]: An error was encountered while trying to flush usage events
[0m01:42:53.704287 [debug] [MainThread]: Sending event: {'category': 'dbt', 'action': 'invocation', 'label': 'start', 'context': [<snowplow_tracker.self_describing_json.SelfDescribingJson object at 0x7dd88b1e1fd0>, <snowplow_tracker.self_describing_json.SelfDescribingJson object at 0x7dd88d069bd0>, <snowplow_tracker.self_describing_json.SelfDescribingJson object at 0x7dd88995b9d0>]}


============================== 01:42:53.733097 | 25376ed9-e216-4dd9-88c8-72e8ba39402a ==============================
[0m01:42:53.733097 [info ] [MainThread]: Running with dbt=1.12.2
[0m01:42:53.735654 [debug] [MainThread]: running dbt with arguments {'hints_enabled': 'True', 'quiet': 'False', 'use_experimental_parser': 'False', 'introspect': 'True', 'version_check': 'True', 'write_json': 'True', 'partial_parse': 'True', 'log_format': 'default', 'profiles_dir': '/usr/local/airflow/include/dbt/', 'warn_error_options': 'WarnErrorOptionsV2(error=[], warn=[], silence=[])', 'warn_error': 'None', 'indirect_selection': 'eager', 'invocation_command': 'dbt run --select staging --profiles-dir /usr/local/airflow/include/dbt/', 'fail_fast': 'False', 'target_path': 'None', 'log_path': '/usr/local/airflow/include/dbt/logs', 'debug': 'False', 'maximum_seed_size_mib': '1', 'cache_selected_only': 'False', 'static_parser': 'True', 'printer_width': '80', 'no_print': 'None', 'use_colors': 'True', 'empty': 'False', 'log_cache_events': 'False', 'send_anonymous_usage_stats': 'True'}
[0m01:42:55.505256 [debug] [MainThread]: Snowflake adapter: Setting snowflake.connector to ERROR (file logging only)
[0m01:42:55.506858 [debug] [MainThread]: Snowflake adapter: Setting botocore to ERROR (file logging only)
[0m01:42:55.508117 [debug] [MainThread]: Snowflake adapter: Setting boto3 to ERROR (file logging only)
[0m01:42:55.773497 [debug] [MainThread]: Sending event: {'category': 'dbt', 'action': 'project_id', 'label': '25376ed9-e216-4dd9-88c8-72e8ba39402a', 'context': [<snowplow_tracker.self_describing_json.SelfDescribingJson object at 0x7dd868b136f0>]}
[0m01:42:55.856250 [debug] [MainThread]: Sending event: {'category': 'dbt', 'action': 'adapter_info', 'label': '25376ed9-e216-4dd9-88c8-72e8ba39402a', 'context': [<snowplow_tracker.self_describing_json.SelfDescribingJson object at 0x7dd868b4b9b0>]}
[0m01:42:55.859111 [info ] [MainThread]: Registered adapter: snowflake=1.10.5
[0m01:42:56.134054 [debug] [MainThread]: checksum: cc35750ecde71b865d75821767eaac2efd404a8abed9e099166986ed39d3d5d9, vars: {}, profile: retail, target: dev, version: 1.12.2
[0m01:42:56.144652 [info ] [MainThread]: Unable to do partial parsing because saved manifest not found. Starting full parse.
[0m01:42:56.146231 [debug] [MainThread]: Sending event: {'category': 'dbt', 'action': 'partial_parser', 'label': '25376ed9-e216-4dd9-88c8-72e8ba39402a', 'context': [<snowplow_tracker.self_describing_json.SelfDescribingJson object at 0x7dd868b40b50>]}
[0m01:43:00.929073 [debug] [MainThread]: Sending event: {'category': 'dbt', 'action': 'load_project', 'label': '25376ed9-e216-4dd9-88c8-72e8ba39402a', 'context': [<snowplow_tracker.self_describing_json.SelfDescribingJson object at 0x7dd8631a2a80>]}
[0m01:43:01.130029 [debug] [MainThread]: Wrote artifact WritableManifest to /usr/local/airflow/include/dbt/target/manifest.json
[0m01:43:01.143995 [debug] [MainThread]: Wrote artifact SemanticManifest to /usr/local/airflow/include/dbt/target/semantic_manifest.json
[0m01:43:01.245739 [debug] [MainThread]: Wrote artifact OsiDocument to /usr/local/airflow/include/dbt/target/osi_document.json
[0m01:43:01.317449 [debug] [MainThread]: Sending event: {'category': 'dbt', 'action': 'resource_counts', 'label': '25376ed9-e216-4dd9-88c8-72e8ba39402a', 'context': [<snowplow_tracker.self_describing_json.SelfDescribingJson object at 0x7dd8684c6dd0>]}
[0m01:43:01.319194 [info ] [MainThread]: Found 7 models, 8 data tests, 2 sources, 634 macros
[0m01:43:01.321642 [debug] [MainThread]: Sending event: {'category': 'dbt', 'action': 'runnable_timing', 'label': '25376ed9-e216-4dd9-88c8-72e8ba39402a', 'context': [<snowplow_tracker.self_describing_json.SelfDescribingJson object at 0x7dd862fbac30>]}
[0m01:43:01.327010 [info ] [MainThread]: 
[0m01:43:01.329429 [info ] [MainThread]: Concurrency: 4 threads (target='dev')
[0m01:43:01.332830 [info ] [MainThread]: 
[0m01:43:01.336720 [debug] [MainThread]: Acquiring new snowflake connection 'master'
[0m01:43:01.350956 [debug] [ThreadPool]: Acquiring new snowflake connection 'list_RETAIL'
[0m01:43:03.159891 [debug] [ThreadPool]: Using snowflake connection "list_RETAIL"
[0m01:43:03.161325 [debug] [ThreadPool]: On list_RETAIL: show terse schemas in database RETAIL
    limit 10000
/* {"app": "dbt", "dbt_version": "1.12.2", "profile_name": "retail", "target_name": "dev", "connection_name": "list_RETAIL"} */
[0m01:43:03.162782 [debug] [ThreadPool]: Opening a new connection, currently in state init
[0m01:43:06.842165 [debug] [ThreadPool]: SQL status: SUCCESS 5 in 3.679 seconds
[0m01:43:06.862458 [debug] [ThreadPool]: Re-using an available connection from the pool (formerly list_RETAIL, now list_RETAIL_TRANSFORM)
[0m01:43:06.888161 [debug] [ThreadPool]: Using snowflake connection "list_RETAIL_TRANSFORM"
[0m01:43:06.889892 [debug] [ThreadPool]: On list_RETAIL_TRANSFORM: show objects in RETAIL.TRANSFORM
    limit 10000
    

/* {"app": "dbt", "dbt_version": "1.12.2", "profile_name": "retail", "target_name": "dev", "connection_name": "list_RETAIL_TRANSFORM"} */;
[0m01:43:07.822096 [debug] [ThreadPool]: SQL status: SUCCESS 0 in 0.931 seconds
[0m01:43:07.832423 [debug] [MainThread]: Sending event: {'category': 'dbt', 'action': 'runnable_timing', 'label': '25376ed9-e216-4dd9-88c8-72e8ba39402a', 'context': [<snowplow_tracker.self_describing_json.SelfDescribingJson object at 0x7dd862f91fd0>]}
[0m01:43:07.890538 [debug] [Thread-1 (]: Began running node model.retail.stg_retail__country
[0m01:43:07.898200 [info ] [Thread-1 (]: 1 of 2 START sql view model TRANSFORM.stg_retail__country ...................... [RUN]
[0m01:43:07.900010 [debug] [Thread-1 (]: Re-using an available connection from the pool (formerly list_RETAIL_TRANSFORM, now model.retail.stg_retail__country)
[0m01:43:07.898837 [debug] [Thread-2 (]: Began running node model.retail.stg_retail__invoices
[0m01:43:07.903023 [info ] [Thread-2 (]: 2 of 2 START sql view model TRANSFORM.stg_retail__invoices ..................... [RUN]
[0m01:43:07.901506 [debug] [Thread-1 (]: Began compiling node model.retail.stg_retail__country
[0m01:43:07.904852 [debug] [Thread-2 (]: Acquiring new snowflake connection 'model.retail.stg_retail__invoices'
[0m01:43:07.916080 [debug] [Thread-1 (]: Writing injected SQL for node "model.retail.stg_retail__country"
[0m01:43:07.918030 [debug] [Thread-2 (]: Began compiling node model.retail.stg_retail__invoices
[0m01:43:07.922699 [debug] [Thread-2 (]: Writing injected SQL for node "model.retail.stg_retail__invoices"
[0m01:43:07.964358 [debug] [Thread-1 (]: Began executing node model.retail.stg_retail__country
[0m01:43:07.978709 [debug] [Thread-2 (]: Began executing node model.retail.stg_retail__invoices
[0m01:43:08.049785 [debug] [Thread-1 (]: Writing runtime sql for node "model.retail.stg_retail__country"
[0m01:43:08.045732 [debug] [Thread-2 (]: Writing runtime sql for node "model.retail.stg_retail__invoices"
[0m01:43:08.080798 [debug] [Thread-2 (]: Using snowflake connection "model.retail.stg_retail__invoices"
[0m01:43:08.082966 [debug] [Thread-2 (]: On model.retail.stg_retail__invoices: create or replace   view RETAIL.TRANSFORM.stg_retail__invoices
  
  
  
  
  as (
    -- stg_retail__invoices.sql
-- 1:1 with the raw source: rename to snake_case, cast types, no joins/aggregation.

with source as (
    select * from RETAIL.RAW.raw_invoices
),

renamed as (
    select
        InvoiceNo::string                                      as invoice_no,
        StockCode::string                                      as stock_code,
        Description::string                                    as description,
        Quantity::integer                                      as quantity,
        -- As our dataset contains multiple timestamp formats (e.g., 2-digit years mixed with 4-digit years), you can chain TRY_TO_TIMESTAMP with COALESCE
        COALESCE(
        TRY_TO_TIMESTAMP(InvoiceDate, 'MM/DD/YY HH24:MI'),
        TRY_TO_TIMESTAMP(InvoiceDate, 'MM/DD/YYYY HH24:MI'),
        TRY_TO_TIMESTAMP(InvoiceDate, 'YYYY-MM-DD HH24:MI:SS')
        ) AS invoice_datetime,
        UnitPrice::float                                       as unit_price,
        CustomerID::integer                                    as customer_id,
        Country::string                                        as country
    from source
)

select * from renamed
  )
/* {"app": "dbt", "dbt_version": "1.12.2", "profile_name": "retail", "target_name": "dev", "node_id": "model.retail.stg_retail__invoices"} */;
[0m01:43:08.101085 [debug] [Thread-2 (]: Opening a new connection, currently in state init
[0m01:43:08.105772 [debug] [Thread-1 (]: Using snowflake connection "model.retail.stg_retail__country"
[0m01:43:08.112340 [debug] [Thread-1 (]: On model.retail.stg_retail__country: create or replace   view RETAIL.TRANSFORM.stg_retail__country
  
  
  
  
  as (
    -- stg_retail__country.sql
with source as (
    select * from RETAIL.RAW.country
),

renamed as (
    select
        id::integer         as country_id,
        iso::string          as iso,
        name::string         as country_name,
        nicename::string     as country_nicename,
        iso3::string         as iso3,
        numcode::integer     as numcode,
        phonecode::integer   as phonecode
    from source
)

select * from renamed
  )
/* {"app": "dbt", "dbt_version": "1.12.2", "profile_name": "retail", "target_name": "dev", "node_id": "model.retail.stg_retail__country"} */;
[0m01:43:08.377206 [debug] [Thread-1 (]: Snowflake adapter: Snowflake query id: 01c68727-0001-e78c-0001-83ba0035c132
[0m01:43:08.378913 [debug] [Thread-1 (]: Snowflake adapter: Snowflake error: 002003 (42S02): SQL compilation error:
Object 'RETAIL.RAW.COUNTRY' does not exist or not authorized.
[0m01:43:08.405746 [debug] [Thread-1 (]: Database Error in model stg_retail__country (models/staging/retail/stg_retail__country.sql)
  002003 (42S02): SQL compilation error:
  Object 'RETAIL.RAW.COUNTRY' does not exist or not authorized.
  compiled code at target/run/retail/models/staging/retail/stg_retail__country.sql
[0m01:43:08.410365 [debug] [Thread-1 (]: Sending event: {'category': 'dbt', 'action': 'run_model', 'label': '25376ed9-e216-4dd9-88c8-72e8ba39402a', 'context': [<snowplow_tracker.self_describing_json.SelfDescribingJson object at 0x7dd88aed7e30>]}
[0m01:43:08.412371 [error] [Thread-1 (]: 1 of 2 ERROR creating sql view model TRANSFORM.stg_retail__country ............. [[31mERROR[0m in 0.51s]
[0m01:43:08.414701 [debug] [Thread-1 (]: Finished running node model.retail.stg_retail__country
[0m01:43:08.416495 [debug] [Thread-7 (]: Marking all children of 'model.retail.stg_retail__country' to be skipped because of status 'error'.  Reason: Database Error in model stg_retail__country (models/staging/retail/stg_retail__country.sql)
  002003 (42S02): SQL compilation error:
  Object 'RETAIL.RAW.COUNTRY' does not exist or not authorized.
  compiled code at target/run/retail/models/staging/retail/stg_retail__country.sql.
[0m01:43:09.965824 [debug] [Thread-2 (]: SQL status: SUCCESS 1 in 1.865 seconds
[0m01:43:10.056801 [debug] [Thread-2 (]: Sending event: {'category': 'dbt', 'action': 'run_model', 'label': '25376ed9-e216-4dd9-88c8-72e8ba39402a', 'context': [<snowplow_tracker.self_describing_json.SelfDescribingJson object at 0x7dd8621768f0>]}
[0m01:43:10.058923 [info ] [Thread-2 (]: 2 of 2 OK created sql view model TRANSFORM.stg_retail__invoices ................ [[32mSUCCESS 1[0m in 2.15s]
[0m01:43:10.060960 [debug] [Thread-2 (]: Finished running node model.retail.stg_retail__invoices
[0m01:43:10.064562 [debug] [MainThread]: Connection 'master' was properly closed.
[0m01:43:10.065901 [debug] [MainThread]: Connection 'model.retail.stg_retail__country' was left open.
[0m01:43:10.067093 [debug] [MainThread]: On model.retail.stg_retail__country: Close
[0m01:43:10.493615 [debug] [MainThread]: Connection 'model.retail.stg_retail__invoices' was left open.
[0m01:43:10.495162 [debug] [MainThread]: On model.retail.stg_retail__invoices: Close
[0m01:43:10.983685 [info ] [MainThread]: 
[0m01:43:11.021447 [info ] [MainThread]: Finished running 2 view models in 0 hours 0 minutes and 9.65 seconds (9.65s).
[0m01:43:11.070881 [debug] [MainThread]: Command end result
[0m01:43:11.341200 [debug] [MainThread]: Wrote artifact WritableManifest to /usr/local/airflow/include/dbt/target/manifest.json
[0m01:43:11.372988 [debug] [MainThread]: Wrote artifact SemanticManifest to /usr/local/airflow/include/dbt/target/semantic_manifest.json
[0m01:43:11.385432 [debug] [MainThread]: Wrote artifact OsiDocument to /usr/local/airflow/include/dbt/target/osi_document.json
[0m01:43:11.400001 [debug] [MainThread]: Wrote artifact RunExecutionResult to /usr/local/airflow/include/dbt/target/run_results.json
[0m01:43:11.401350 [info ] [MainThread]: 
[0m01:43:11.403114 [info ] [MainThread]: [31mCompleted with 1 error, 0 partial successes, and 0 warnings:[0m
[0m01:43:11.404879 [info ] [MainThread]: 
[0m01:43:11.407281 [error] [MainThread]: [[31mERROR[0m]: in model stg_retail__country (models/staging/retail/stg_retail__country.sql)
[0m01:43:11.409490 [error] [MainThread]:   Database Error in model stg_retail__country (models/staging/retail/stg_retail__country.sql)
  002003 (42S02): SQL compilation error:
  Object 'RETAIL.RAW.COUNTRY' does not exist or not authorized.
  compiled code at target/run/retail/models/staging/retail/stg_retail__country.sql
[0m01:43:11.411949 [info ] [MainThread]: 
[0m01:43:11.413907 [info ] [MainThread]:   compiled code at target/compiled/retail/models/staging/retail/stg_retail__country.sql
[0m01:43:11.415881 [info ] [MainThread]: 
[0m01:43:11.417968 [info ] [MainThread]: Done. PASS=1 WARN=0 ERROR=1 SKIP=0 NO-OP=0 REUSED=0 TOTAL=2
[0m01:43:11.423266 [debug] [MainThread]: Resource report: {"command_name": "run", "command_success": false, "command_wall_clock_time": 17.88019, "process_in_blocks": "4712", "process_kernel_time": 5.354084, "process_mem_max_rss": "288348", "process_out_blocks": "4912", "process_user_time": 11.567828}
[0m01:43:11.427598 [debug] [MainThread]: Command `dbt run` failed at 01:43:11.426124 after 17.88 seconds
[0m01:43:11.431430 [debug] [MainThread]: Sending event: {'category': 'dbt', 'action': 'invocation', 'label': 'end', 'context': [<snowplow_tracker.self_describing_json.SelfDescribingJson object at 0x7dd862f66c50>, <snowplow_tracker.self_describing_json.SelfDescribingJson object at 0x7dd88cf71b50>, <snowplow_tracker.self_describing_json.SelfDescribingJson object at 0x7dd8899207c0>]}
[0m01:43:11.433742 [debug] [MainThread]: Flushing usage events
[0m01:43:11.571378 [debug] [MainThread]: An error was encountered while trying to flush usage events
[0m01:44:00.054390 [debug] [MainThread]: Sending event: {'category': 'dbt', 'action': 'invocation', 'label': 'start', 'context': [<snowplow_tracker.self_describing_json.SelfDescribingJson object at 0x77d14abb1fd0>, <snowplow_tracker.self_describing_json.SelfDescribingJson object at 0x77d14ca39bd0>, <snowplow_tracker.self_describing_json.SelfDescribingJson object at 0x77d14932b9d0>]}


============================== 01:44:00.059387 | 0a9c95c0-e964-4a9c-be41-e089b52acd68 ==============================
[0m01:44:00.059387 [info ] [MainThread]: Running with dbt=1.12.2
[0m01:44:00.061240 [debug] [MainThread]: running dbt with arguments {'no_print': 'None', 'version_check': 'True', 'invocation_command': 'dbt run --select staging --profiles-dir /usr/local/airflow/include/dbt/', 'debug': 'False', 'log_format': 'default', 'send_anonymous_usage_stats': 'True', 'partial_parse': 'True', 'log_cache_events': 'False', 'use_colors': 'True', 'warn_error_options': 'WarnErrorOptionsV2(error=[], warn=[], silence=[])', 'cache_selected_only': 'False', 'empty': 'False', 'printer_width': '80', 'hints_enabled': 'True', 'introspect': 'True', 'profiles_dir': '/usr/local/airflow/include/dbt/', 'use_experimental_parser': 'False', 'warn_error': 'None', 'write_json': 'True', 'maximum_seed_size_mib': '1', 'static_parser': 'True', 'quiet': 'False', 'indirect_selection': 'eager', 'fail_fast': 'False', 'log_path': '/usr/local/airflow/include/dbt/logs', 'target_path': 'None'}
[0m01:44:02.345891 [debug] [MainThread]: Snowflake adapter: Setting snowflake.connector to ERROR (file logging only)
[0m01:44:02.347574 [debug] [MainThread]: Snowflake adapter: Setting botocore to ERROR (file logging only)
[0m01:44:02.348974 [debug] [MainThread]: Snowflake adapter: Setting boto3 to ERROR (file logging only)
[0m01:44:02.661876 [debug] [MainThread]: Sending event: {'category': 'dbt', 'action': 'project_id', 'label': '0a9c95c0-e964-4a9c-be41-e089b52acd68', 'context': [<snowplow_tracker.self_describing_json.SelfDescribingJson object at 0x77d1284e36f0>]}
[0m01:44:02.741117 [debug] [MainThread]: Sending event: {'category': 'dbt', 'action': 'adapter_info', 'label': '0a9c95c0-e964-4a9c-be41-e089b52acd68', 'context': [<snowplow_tracker.self_describing_json.SelfDescribingJson object at 0x77d1285279b0>]}
[0m01:44:02.743140 [info ] [MainThread]: Registered adapter: snowflake=1.10.5
[0m01:44:02.958528 [debug] [MainThread]: checksum: cc35750ecde71b865d75821767eaac2efd404a8abed9e099166986ed39d3d5d9, vars: {}, profile: retail, target: dev, version: 1.12.2
[0m01:44:05.187905 [debug] [MainThread]: Partial parsing enabled: 0 files deleted, 0 files added, 0 files changed.
[0m01:44:05.190190 [debug] [MainThread]: Nothing changed, skipping partial parsing.
[0m01:44:05.192882 [debug] [MainThread]: Partial parsing enabled, no changes found, skipping parsing
[0m01:44:05.214527 [debug] [MainThread]: Sending event: {'category': 'dbt', 'action': 'load_project', 'label': '0a9c95c0-e964-4a9c-be41-e089b52acd68', 'context': [<snowplow_tracker.self_describing_json.SelfDescribingJson object at 0x77d123dd1450>]}
[0m01:44:05.417622 [debug] [MainThread]: Wrote artifact WritableManifest to /usr/local/airflow/include/dbt/target/manifest.json
[0m01:44:05.427828 [debug] [MainThread]: Wrote artifact SemanticManifest to /usr/local/airflow/include/dbt/target/semantic_manifest.json
[0m01:44:05.478577 [debug] [MainThread]: Wrote artifact OsiDocument to /usr/local/airflow/include/dbt/target/osi_document.json
[0m01:44:05.538806 [debug] [MainThread]: Sending event: {'category': 'dbt', 'action': 'resource_counts', 'label': '0a9c95c0-e964-4a9c-be41-e089b52acd68', 'context': [<snowplow_tracker.self_describing_json.SelfDescribingJson object at 0x77d123cd76b0>]}
[0m01:44:05.541088 [info ] [MainThread]: Found 7 models, 8 data tests, 2 sources, 634 macros
[0m01:44:05.543356 [debug] [MainThread]: Sending event: {'category': 'dbt', 'action': 'runnable_timing', 'label': '0a9c95c0-e964-4a9c-be41-e089b52acd68', 'context': [<snowplow_tracker.self_describing_json.SelfDescribingJson object at 0x77d123b210f0>]}
[0m01:44:05.548279 [info ] [MainThread]: 
[0m01:44:05.551378 [info ] [MainThread]: Concurrency: 4 threads (target='dev')
[0m01:44:05.555263 [info ] [MainThread]: 
[0m01:44:05.559458 [debug] [MainThread]: Acquiring new snowflake connection 'master'
[0m01:44:05.603129 [debug] [ThreadPool]: Acquiring new snowflake connection 'list_RETAIL'
[0m01:44:05.708263 [debug] [ThreadPool]: Using snowflake connection "list_RETAIL"
[0m01:44:05.711828 [debug] [ThreadPool]: On list_RETAIL: show terse schemas in database RETAIL
    limit 10000
/* {"app": "dbt", "dbt_version": "1.12.2", "profile_name": "retail", "target_name": "dev", "connection_name": "list_RETAIL"} */
[0m01:44:05.713320 [debug] [ThreadPool]: Opening a new connection, currently in state init
[0m01:44:07.430619 [debug] [ThreadPool]: SQL status: SUCCESS 5 in 1.717 seconds
[0m01:44:07.442283 [debug] [ThreadPool]: Re-using an available connection from the pool (formerly list_RETAIL, now list_RETAIL_TRANSFORM)
[0m01:44:07.455302 [debug] [ThreadPool]: Using snowflake connection "list_RETAIL_TRANSFORM"
[0m01:44:07.456483 [debug] [ThreadPool]: On list_RETAIL_TRANSFORM: show objects in RETAIL.TRANSFORM
    limit 10000
    

/* {"app": "dbt", "dbt_version": "1.12.2", "profile_name": "retail", "target_name": "dev", "connection_name": "list_RETAIL_TRANSFORM"} */;
[0m01:44:08.226597 [debug] [ThreadPool]: SQL status: SUCCESS 1 in 0.769 seconds
[0m01:44:08.230271 [debug] [MainThread]: Sending event: {'category': 'dbt', 'action': 'runnable_timing', 'label': '0a9c95c0-e964-4a9c-be41-e089b52acd68', 'context': [<snowplow_tracker.self_describing_json.SelfDescribingJson object at 0x77d122ef3110>]}
[0m01:44:08.251242 [debug] [Thread-1 (]: Began running node model.retail.stg_retail__country
[0m01:44:08.251908 [debug] [Thread-2 (]: Began running node model.retail.stg_retail__invoices
[0m01:44:08.252953 [info ] [Thread-1 (]: 1 of 2 START sql view model TRANSFORM.stg_retail__country ...................... [RUN]
[0m01:44:08.255265 [info ] [Thread-2 (]: 2 of 2 START sql view model TRANSFORM.stg_retail__invoices ..................... [RUN]
[0m01:44:08.258341 [debug] [Thread-1 (]: Re-using an available connection from the pool (formerly list_RETAIL_TRANSFORM, now model.retail.stg_retail__country)
[0m01:44:08.260588 [debug] [Thread-2 (]: Acquiring new snowflake connection 'model.retail.stg_retail__invoices'
[0m01:44:08.263354 [debug] [Thread-1 (]: Began compiling node model.retail.stg_retail__country
[0m01:44:08.266254 [debug] [Thread-2 (]: Began compiling node model.retail.stg_retail__invoices
[0m01:44:08.281426 [debug] [Thread-1 (]: Writing injected SQL for node "model.retail.stg_retail__country"
[0m01:44:08.308488 [debug] [Thread-2 (]: Writing injected SQL for node "model.retail.stg_retail__invoices"
[0m01:44:08.336998 [debug] [Thread-2 (]: Began executing node model.retail.stg_retail__invoices
[0m01:44:08.345399 [debug] [Thread-1 (]: Began executing node model.retail.stg_retail__country
[0m01:44:08.407841 [debug] [Thread-1 (]: Writing runtime sql for node "model.retail.stg_retail__country"
[0m01:44:08.408925 [debug] [Thread-2 (]: Writing runtime sql for node "model.retail.stg_retail__invoices"
[0m01:44:08.423807 [debug] [Thread-1 (]: Using snowflake connection "model.retail.stg_retail__country"
[0m01:44:08.426098 [debug] [Thread-1 (]: On model.retail.stg_retail__country: create or replace   view RETAIL.TRANSFORM.stg_retail__country
  
  
  
  
  as (
    -- stg_retail__country.sql
with source as (
    select * from RETAIL.RAW.country
),

renamed as (
    select
        id::integer         as country_id,
        iso::string          as iso,
        name::string         as country_name,
        nicename::string     as country_nicename,
        iso3::string         as iso3,
        numcode::integer     as numcode,
        phonecode::integer   as phonecode
    from source
)

select * from renamed
  )
/* {"app": "dbt", "dbt_version": "1.12.2", "profile_name": "retail", "target_name": "dev", "node_id": "model.retail.stg_retail__country"} */;
[0m01:44:08.425467 [debug] [Thread-2 (]: Using snowflake connection "model.retail.stg_retail__invoices"
[0m01:44:08.428796 [debug] [Thread-2 (]: On model.retail.stg_retail__invoices: create or replace   view RETAIL.TRANSFORM.stg_retail__invoices
  
  
  
  
  as (
    -- stg_retail__invoices.sql
-- 1:1 with the raw source: rename to snake_case, cast types, no joins/aggregation.

with source as (
    select * from RETAIL.RAW.raw_invoices
),

renamed as (
    select
        InvoiceNo::string                                      as invoice_no,
        StockCode::string                                      as stock_code,
        Description::string                                    as description,
        Quantity::integer                                      as quantity,
        -- As our dataset contains multiple timestamp formats (e.g., 2-digit years mixed with 4-digit years), you can chain TRY_TO_TIMESTAMP with COALESCE
        COALESCE(
        TRY_TO_TIMESTAMP(InvoiceDate, 'MM/DD/YY HH24:MI'),
        TRY_TO_TIMESTAMP(InvoiceDate, 'MM/DD/YYYY HH24:MI'),
        TRY_TO_TIMESTAMP(InvoiceDate, 'YYYY-MM-DD HH24:MI:SS')
        ) AS invoice_datetime,
        UnitPrice::float                                       as unit_price,
        CustomerID::integer                                    as customer_id,
        Country::string                                        as country
    from source
)

select * from renamed
  )
/* {"app": "dbt", "dbt_version": "1.12.2", "profile_name": "retail", "target_name": "dev", "node_id": "model.retail.stg_retail__invoices"} */;
[0m01:44:08.430249 [debug] [Thread-2 (]: Opening a new connection, currently in state init
[0m01:44:08.669843 [debug] [Thread-1 (]: Snowflake adapter: Snowflake query id: 01c68728-0001-e78c-0001-83ba0035c156
[0m01:44:08.671715 [debug] [Thread-1 (]: Snowflake adapter: Snowflake error: 002003 (42S02): SQL compilation error:
Object 'RETAIL.RAW.COUNTRY' does not exist or not authorized.
[0m01:44:08.683962 [debug] [Thread-1 (]: Database Error in model stg_retail__country (models/staging/retail/stg_retail__country.sql)
  002003 (42S02): SQL compilation error:
  Object 'RETAIL.RAW.COUNTRY' does not exist or not authorized.
  compiled code at target/run/retail/models/staging/retail/stg_retail__country.sql
[0m01:44:08.687308 [debug] [Thread-1 (]: Sending event: {'category': 'dbt', 'action': 'run_model', 'label': '0a9c95c0-e964-4a9c-be41-e089b52acd68', 'context': [<snowplow_tracker.self_describing_json.SelfDescribingJson object at 0x77d122d8a8d0>]}
[0m01:44:08.688828 [error] [Thread-1 (]: 1 of 2 ERROR creating sql view model TRANSFORM.stg_retail__country ............. [[31mERROR[0m in 0.43s]
[0m01:44:08.690546 [debug] [Thread-1 (]: Finished running node model.retail.stg_retail__country
[0m01:44:08.692451 [debug] [Thread-7 (]: Marking all children of 'model.retail.stg_retail__country' to be skipped because of status 'error'.  Reason: Database Error in model stg_retail__country (models/staging/retail/stg_retail__country.sql)
  002003 (42S02): SQL compilation error:
  Object 'RETAIL.RAW.COUNTRY' does not exist or not authorized.
  compiled code at target/run/retail/models/staging/retail/stg_retail__country.sql.
[0m01:44:09.709821 [debug] [Thread-2 (]: SQL status: SUCCESS 1 in 1.279 seconds
[0m01:44:09.746559 [debug] [Thread-2 (]: Sending event: {'category': 'dbt', 'action': 'run_model', 'label': '0a9c95c0-e964-4a9c-be41-e089b52acd68', 'context': [<snowplow_tracker.self_describing_json.SelfDescribingJson object at 0x77d122c88ec0>]}
[0m01:44:09.748754 [info ] [Thread-2 (]: 2 of 2 OK created sql view model TRANSFORM.stg_retail__invoices ................ [[32mSUCCESS 1[0m in 1.49s]
[0m01:44:09.751088 [debug] [Thread-2 (]: Finished running node model.retail.stg_retail__invoices
[0m01:44:09.755117 [debug] [MainThread]: Connection 'master' was properly closed.
[0m01:44:09.756693 [debug] [MainThread]: Connection 'model.retail.stg_retail__country' was left open.
[0m01:44:09.758350 [debug] [MainThread]: On model.retail.stg_retail__country: Close
[0m01:44:10.238611 [debug] [MainThread]: Connection 'model.retail.stg_retail__invoices' was left open.
[0m01:44:10.240689 [debug] [MainThread]: On model.retail.stg_retail__invoices: Close
[0m01:44:10.682063 [info ] [MainThread]: 
[0m01:44:10.699132 [info ] [MainThread]: Finished running 2 view models in 0 hours 0 minutes and 5.12 seconds (5.12s).
[0m01:44:10.716162 [debug] [MainThread]: Command end result
[0m01:44:11.043020 [debug] [MainThread]: Wrote artifact WritableManifest to /usr/local/airflow/include/dbt/target/manifest.json
[0m01:44:11.076134 [debug] [MainThread]: Wrote artifact SemanticManifest to /usr/local/airflow/include/dbt/target/semantic_manifest.json
[0m01:44:11.109215 [debug] [MainThread]: Wrote artifact OsiDocument to /usr/local/airflow/include/dbt/target/osi_document.json
[0m01:44:11.159083 [debug] [MainThread]: Wrote artifact RunExecutionResult to /usr/local/airflow/include/dbt/target/run_results.json
[0m01:44:11.162680 [info ] [MainThread]: 
[0m01:44:11.169364 [info ] [MainThread]: [31mCompleted with 1 error, 0 partial successes, and 0 warnings:[0m
[0m01:44:11.173189 [info ] [MainThread]: 
[0m01:44:11.177209 [error] [MainThread]: [[31mERROR[0m]: in model stg_retail__country (models/staging/retail/stg_retail__country.sql)
[0m01:44:11.181422 [error] [MainThread]:   Database Error in model stg_retail__country (models/staging/retail/stg_retail__country.sql)
  002003 (42S02): SQL compilation error:
  Object 'RETAIL.RAW.COUNTRY' does not exist or not authorized.
  compiled code at target/run/retail/models/staging/retail/stg_retail__country.sql
[0m01:44:11.188965 [info ] [MainThread]: 
[0m01:44:11.192163 [info ] [MainThread]:   compiled code at target/compiled/retail/models/staging/retail/stg_retail__country.sql
[0m01:44:11.197717 [info ] [MainThread]: 
[0m01:44:11.202605 [info ] [MainThread]: Done. PASS=1 WARN=0 ERROR=1 SKIP=0 NO-OP=0 REUSED=0 TOTAL=2
[0m01:44:11.206670 [debug] [MainThread]: Resource report: {"command_name": "run", "command_success": false, "command_wall_clock_time": 11.333623, "process_in_blocks": "1622", "process_kernel_time": 3.162217, "process_mem_max_rss": "279720", "process_out_blocks": "24", "process_user_time": 8.566582}
[0m01:44:11.210340 [debug] [MainThread]: Command `dbt run` failed at 01:44:11.208935 after 11.34 seconds
[0m01:44:11.216181 [debug] [MainThread]: Sending event: {'category': 'dbt', 'action': 'invocation', 'label': 'end', 'context': [<snowplow_tracker.self_describing_json.SelfDescribingJson object at 0x77d122da34d0>, <snowplow_tracker.self_describing_json.SelfDescribingJson object at 0x77d1230fb650>, <snowplow_tracker.self_describing_json.SelfDescribingJson object at 0x77d123c8ead0>]}
[0m01:44:11.218631 [debug] [MainThread]: Flushing usage events
[0m01:44:11.413301 [debug] [MainThread]: An error was encountered while trying to flush usage events
[0m01:47:32.421681 [debug] [MainThread]: Sending event: {'category': 'dbt', 'action': 'invocation', 'label': 'start', 'context': [<snowplow_tracker.self_describing_json.SelfDescribingJson object at 0x754ae5281fd0>, <snowplow_tracker.self_describing_json.SelfDescribingJson object at 0x754ae7109bd0>, <snowplow_tracker.self_describing_json.SelfDescribingJson object at 0x754ae39fb9d0>]}


============================== 01:47:32.452663 | 0b2583a4-6de7-4088-936f-fc8a76d86a97 ==============================
[0m01:47:32.452663 [info ] [MainThread]: Running with dbt=1.12.2
[0m01:47:32.455627 [debug] [MainThread]: running dbt with arguments {'version_check': 'True', 'target_path': 'None', 'log_cache_events': 'False', 'profiles_dir': '/usr/local/airflow/include/dbt/', 'write_json': 'True', 'no_print': 'None', 'send_anonymous_usage_stats': 'True', 'use_colors': 'True', 'quiet': 'False', 'invocation_command': 'dbt run --select stg_retail__country --profiles-dir /usr/local/airflow/include/dbt/', 'maximum_seed_size_mib': '1', 'indirect_selection': 'eager', 'fail_fast': 'False', 'debug': 'False', 'use_experimental_parser': 'False', 'static_parser': 'True', 'empty': 'False', 'log_path': '/usr/local/airflow/include/dbt/logs', 'introspect': 'True', 'warn_error_options': 'WarnErrorOptionsV2(error=[], warn=[], silence=[])', 'warn_error': 'None', 'log_format': 'default', 'cache_selected_only': 'False', 'printer_width': '80', 'partial_parse': 'True', 'hints_enabled': 'True'}
[0m01:47:40.254091 [debug] [MainThread]: Snowflake adapter: Setting snowflake.connector to ERROR (file logging only)
[0m01:47:40.257192 [debug] [MainThread]: Snowflake adapter: Setting botocore to ERROR (file logging only)
[0m01:47:40.259059 [debug] [MainThread]: Snowflake adapter: Setting boto3 to ERROR (file logging only)
[0m01:47:41.100227 [debug] [MainThread]: Sending event: {'category': 'dbt', 'action': 'project_id', 'label': '0b2583a4-6de7-4088-936f-fc8a76d86a97', 'context': [<snowplow_tracker.self_describing_json.SelfDescribingJson object at 0x754abec6b6f0>]}
[0m01:47:41.353220 [debug] [MainThread]: Sending event: {'category': 'dbt', 'action': 'adapter_info', 'label': '0b2583a4-6de7-4088-936f-fc8a76d86a97', 'context': [<snowplow_tracker.self_describing_json.SelfDescribingJson object at 0x754abeb679b0>]}
[0m01:47:41.358932 [info ] [MainThread]: Registered adapter: snowflake=1.10.5
[0m01:47:44.017466 [debug] [MainThread]: checksum: cc35750ecde71b865d75821767eaac2efd404a8abed9e099166986ed39d3d5d9, vars: {}, profile: retail, target: dev, version: 1.12.2
[0m01:47:47.549857 [debug] [MainThread]: Partial parsing enabled: 0 files deleted, 0 files added, 0 files changed.
[0m01:47:47.552821 [debug] [MainThread]: Nothing changed, skipping partial parsing.
[0m01:47:47.555916 [debug] [MainThread]: Partial parsing enabled, no changes found, skipping parsing
[0m01:47:47.592909 [debug] [MainThread]: Sending event: {'category': 'dbt', 'action': 'load_project', 'label': '0b2583a4-6de7-4088-936f-fc8a76d86a97', 'context': [<snowplow_tracker.self_describing_json.SelfDescribingJson object at 0x754abe4f1450>]}
[0m01:47:48.359966 [debug] [MainThread]: Wrote artifact WritableManifest to /usr/local/airflow/include/dbt/target/manifest.json
[0m01:47:48.380477 [debug] [MainThread]: Wrote artifact SemanticManifest to /usr/local/airflow/include/dbt/target/semantic_manifest.json
[0m01:47:48.543198 [debug] [MainThread]: Wrote artifact OsiDocument to /usr/local/airflow/include/dbt/target/osi_document.json
[0m01:47:48.697370 [debug] [MainThread]: Sending event: {'category': 'dbt', 'action': 'resource_counts', 'label': '0b2583a4-6de7-4088-936f-fc8a76d86a97', 'context': [<snowplow_tracker.self_describing_json.SelfDescribingJson object at 0x754abe5836b0>]}
[0m01:47:48.700078 [info ] [MainThread]: Found 7 models, 8 data tests, 2 sources, 634 macros
[0m01:47:48.702963 [debug] [MainThread]: Sending event: {'category': 'dbt', 'action': 'runnable_timing', 'label': '0b2583a4-6de7-4088-936f-fc8a76d86a97', 'context': [<snowplow_tracker.self_describing_json.SelfDescribingJson object at 0x754abe43d0f0>]}
[0m01:47:48.713813 [info ] [MainThread]: 
[0m01:47:48.717408 [info ] [MainThread]: Concurrency: 4 threads (target='dev')
[0m01:47:48.721231 [info ] [MainThread]: 
[0m01:47:48.725164 [debug] [MainThread]: Acquiring new snowflake connection 'master'
[0m01:47:48.740180 [debug] [ThreadPool]: Acquiring new snowflake connection 'list_RETAIL'
[0m01:47:49.446080 [debug] [ThreadPool]: Using snowflake connection "list_RETAIL"
[0m01:47:49.447643 [debug] [ThreadPool]: On list_RETAIL: show terse schemas in database RETAIL
    limit 10000
/* {"app": "dbt", "dbt_version": "1.12.2", "profile_name": "retail", "target_name": "dev", "connection_name": "list_RETAIL"} */
[0m01:47:49.449559 [debug] [ThreadPool]: Opening a new connection, currently in state init
[0m01:47:52.469120 [debug] [ThreadPool]: SQL status: SUCCESS 5 in 3.019 seconds
[0m01:47:52.550234 [debug] [ThreadPool]: Re-using an available connection from the pool (formerly list_RETAIL, now list_RETAIL_TRANSFORM)
[0m01:47:52.607692 [debug] [ThreadPool]: Using snowflake connection "list_RETAIL_TRANSFORM"
[0m01:47:52.613041 [debug] [ThreadPool]: On list_RETAIL_TRANSFORM: show objects in RETAIL.TRANSFORM
    limit 10000
    

/* {"app": "dbt", "dbt_version": "1.12.2", "profile_name": "retail", "target_name": "dev", "connection_name": "list_RETAIL_TRANSFORM"} */;
[0m01:47:53.015518 [debug] [ThreadPool]: SQL status: SUCCESS 1 in 0.396 seconds
[0m01:47:53.033242 [debug] [MainThread]: Sending event: {'category': 'dbt', 'action': 'runnable_timing', 'label': '0b2583a4-6de7-4088-936f-fc8a76d86a97', 'context': [<snowplow_tracker.self_describing_json.SelfDescribingJson object at 0x754abd6431e0>]}
[0m01:47:53.070937 [debug] [Thread-1 (]: Began running node model.retail.stg_retail__country
[0m01:47:53.074069 [info ] [Thread-1 (]: 1 of 1 START sql view model TRANSFORM.stg_retail__country ...................... [RUN]
[0m01:47:53.076401 [debug] [Thread-1 (]: Re-using an available connection from the pool (formerly list_RETAIL_TRANSFORM, now model.retail.stg_retail__country)
[0m01:47:53.078148 [debug] [Thread-1 (]: Began compiling node model.retail.stg_retail__country
[0m01:47:53.086771 [debug] [Thread-1 (]: Writing injected SQL for node "model.retail.stg_retail__country"
[0m01:47:53.100215 [debug] [Thread-1 (]: Began executing node model.retail.stg_retail__country
[0m01:47:53.133821 [debug] [Thread-1 (]: Writing runtime sql for node "model.retail.stg_retail__country"
[0m01:47:53.152114 [debug] [Thread-1 (]: Using snowflake connection "model.retail.stg_retail__country"
[0m01:47:53.154050 [debug] [Thread-1 (]: On model.retail.stg_retail__country: create or replace   view RETAIL.TRANSFORM.stg_retail__country
  
  
  
  
  as (
    -- stg_retail__country.sql
with source as (
    select * from RETAIL.RAW.country
),

renamed as (
    select
        id::integer         as country_id,
        iso::string          as iso,
        name::string         as country_name,
        nicename::string     as country_nicename,
        iso3::string         as iso3,
        numcode::integer     as numcode,
        phonecode::integer   as phonecode
    from source
)

select * from renamed
  )
/* {"app": "dbt", "dbt_version": "1.12.2", "profile_name": "retail", "target_name": "dev", "node_id": "model.retail.stg_retail__country"} */;
[0m01:47:53.555457 [debug] [Thread-1 (]: SQL status: SUCCESS 1 in 0.399 seconds
[0m01:47:53.593996 [debug] [Thread-1 (]: Sending event: {'category': 'dbt', 'action': 'run_model', 'label': '0b2583a4-6de7-4088-936f-fc8a76d86a97', 'context': [<snowplow_tracker.self_describing_json.SelfDescribingJson object at 0x754abd61ee10>]}
[0m01:47:53.595995 [info ] [Thread-1 (]: 1 of 1 OK created sql view model TRANSFORM.stg_retail__country ................. [[32mSUCCESS 1[0m in 0.51s]
[0m01:47:53.598430 [debug] [Thread-1 (]: Finished running node model.retail.stg_retail__country
[0m01:47:53.605305 [debug] [MainThread]: Connection 'master' was properly closed.
[0m01:47:53.607942 [debug] [MainThread]: Connection 'model.retail.stg_retail__country' was left open.
[0m01:47:53.609561 [debug] [MainThread]: On model.retail.stg_retail__country: Close
[0m01:47:54.056815 [info ] [MainThread]: 
[0m01:47:54.058821 [info ] [MainThread]: Finished running 1 view model in 0 hours 0 minutes and 5.33 seconds (5.33s).
[0m01:47:54.061783 [debug] [MainThread]: Command end result
[0m01:47:54.157757 [debug] [MainThread]: Wrote artifact WritableManifest to /usr/local/airflow/include/dbt/target/manifest.json
[0m01:47:54.171583 [debug] [MainThread]: Wrote artifact SemanticManifest to /usr/local/airflow/include/dbt/target/semantic_manifest.json
[0m01:47:54.183782 [debug] [MainThread]: Wrote artifact OsiDocument to /usr/local/airflow/include/dbt/target/osi_document.json
[0m01:47:54.201837 [debug] [MainThread]: Wrote artifact RunExecutionResult to /usr/local/airflow/include/dbt/target/run_results.json
[0m01:47:54.203482 [info ] [MainThread]: 
[0m01:47:54.205564 [info ] [MainThread]: [32mCompleted successfully[0m
[0m01:47:54.207563 [info ] [MainThread]: 
[0m01:47:54.209587 [info ] [MainThread]: Done. PASS=1 WARN=0 ERROR=0 SKIP=0 NO-OP=0 REUSED=0 TOTAL=1
[0m01:47:54.212606 [debug] [MainThread]: Resource report: {"command_name": "run", "command_success": true, "command_wall_clock_time": 22.108099, "process_in_blocks": "1614", "process_kernel_time": 13.96913, "process_mem_max_rss": "276612", "process_out_blocks": "24", "process_user_time": 16.744991}
[0m01:47:54.214265 [debug] [MainThread]: Command `dbt run` succeeded at 01:47:54.213972 after 22.11 seconds
[0m01:47:54.215658 [debug] [MainThread]: Sending event: {'category': 'dbt', 'action': 'invocation', 'label': 'end', 'context': [<snowplow_tracker.self_describing_json.SelfDescribingJson object at 0x754abd7eedb0>, <snowplow_tracker.self_describing_json.SelfDescribingJson object at 0x754abea21bd0>, <snowplow_tracker.self_describing_json.SelfDescribingJson object at 0x754abea21950>]}
[0m01:47:54.217027 [debug] [MainThread]: Flushing usage events
[0m01:47:54.466990 [debug] [MainThread]: An error was encountered while trying to flush usage events
[0m01:48:12.074634 [debug] [MainThread]: Sending event: {'category': 'dbt', 'action': 'invocation', 'label': 'start', 'context': [<snowplow_tracker.self_describing_json.SelfDescribingJson object at 0x7daba17ddfd0>, <snowplow_tracker.self_describing_json.SelfDescribingJson object at 0x7daba36a1bd0>, <snowplow_tracker.self_describing_json.SelfDescribingJson object at 0x7daba01eb9d0>]}


============================== 01:48:12.080635 | 7dd1d290-ec81-4f32-8d02-9b2bb1ca5238 ==============================
[0m01:48:12.080635 [info ] [MainThread]: Running with dbt=1.12.2
[0m01:48:12.082753 [debug] [MainThread]: running dbt with arguments {'use_experimental_parser': 'False', 'hints_enabled': 'True', 'partial_parse': 'True', 'quiet': 'False', 'debug': 'False', 'no_print': 'None', 'write_json': 'True', 'version_check': 'True', 'static_parser': 'True', 'maximum_seed_size_mib': '1', 'introspect': 'True', 'log_cache_events': 'False', 'log_format': 'default', 'profiles_dir': '/usr/local/airflow/include/dbt/', 'send_anonymous_usage_stats': 'True', 'indirect_selection': 'eager', 'printer_width': '80', 'invocation_command': 'dbt test --select staging --profiles-dir /usr/local/airflow/include/dbt/', 'warn_error': 'None', 'warn_error_options': 'WarnErrorOptionsV2(error=[], warn=[], silence=[])', 'log_path': '/usr/local/airflow/include/dbt/logs', 'cache_selected_only': 'False', 'empty': 'None', 'target_path': 'None', 'fail_fast': 'False', 'use_colors': 'True'}
[0m01:48:16.858765 [debug] [MainThread]: Snowflake adapter: Setting snowflake.connector to ERROR (file logging only)
[0m01:48:16.860224 [debug] [MainThread]: Snowflake adapter: Setting botocore to ERROR (file logging only)
[0m01:48:16.862610 [debug] [MainThread]: Snowflake adapter: Setting boto3 to ERROR (file logging only)
[0m01:48:17.335244 [debug] [MainThread]: Sending event: {'category': 'dbt', 'action': 'project_id', 'label': '7dd1d290-ec81-4f32-8d02-9b2bb1ca5238', 'context': [<snowplow_tracker.self_describing_json.SelfDescribingJson object at 0x7dab7b0636f0>]}
[0m01:48:17.432457 [debug] [MainThread]: Sending event: {'category': 'dbt', 'action': 'adapter_info', 'label': '7dd1d290-ec81-4f32-8d02-9b2bb1ca5238', 'context': [<snowplow_tracker.self_describing_json.SelfDescribingJson object at 0x7dab7b0b39b0>]}
[0m01:48:17.435388 [info ] [MainThread]: Registered adapter: snowflake=1.10.5
[0m01:48:17.734577 [debug] [MainThread]: checksum: cc35750ecde71b865d75821767eaac2efd404a8abed9e099166986ed39d3d5d9, vars: {}, profile: retail, target: dev, version: 1.12.2
[0m01:48:20.038225 [debug] [MainThread]: Partial parsing enabled: 0 files deleted, 0 files added, 0 files changed.
[0m01:48:20.039343 [debug] [MainThread]: Nothing changed, skipping partial parsing.
[0m01:48:20.046772 [debug] [MainThread]: Partial parsing enabled, no changes found, skipping parsing
[0m01:48:20.060433 [debug] [MainThread]: Sending event: {'category': 'dbt', 'action': 'load_project', 'label': '7dd1d290-ec81-4f32-8d02-9b2bb1ca5238', 'context': [<snowplow_tracker.self_describing_json.SelfDescribingJson object at 0x7dab7aaa5450>]}
[0m01:48:20.275045 [debug] [MainThread]: Wrote artifact WritableManifest to /usr/local/airflow/include/dbt/target/manifest.json
[0m01:48:20.284836 [debug] [MainThread]: Wrote artifact SemanticManifest to /usr/local/airflow/include/dbt/target/semantic_manifest.json
[0m01:48:20.327650 [debug] [MainThread]: Wrote artifact OsiDocument to /usr/local/airflow/include/dbt/target/osi_document.json
[0m01:48:20.830741 [debug] [MainThread]: Sending event: {'category': 'dbt', 'action': 'resource_counts', 'label': '7dd1d290-ec81-4f32-8d02-9b2bb1ca5238', 'context': [<snowplow_tracker.self_describing_json.SelfDescribingJson object at 0x7dab7abf1a90>]}
[0m01:48:20.833368 [info ] [MainThread]: Found 7 models, 8 data tests, 2 sources, 634 macros
[0m01:48:20.837016 [debug] [MainThread]: Sending event: {'category': 'dbt', 'action': 'runnable_timing', 'label': '7dd1d290-ec81-4f32-8d02-9b2bb1ca5238', 'context': [<snowplow_tracker.self_describing_json.SelfDescribingJson object at 0x7dab7a722270>]}
[0m01:48:20.877636 [info ] [MainThread]: 
[0m01:48:20.884826 [info ] [MainThread]: Concurrency: 4 threads (target='dev')
[0m01:48:20.887796 [info ] [MainThread]: 
[0m01:48:20.891990 [debug] [MainThread]: Acquiring new snowflake connection 'master'
[0m01:48:20.916900 [debug] [ThreadPool]: Acquiring new snowflake connection 'list_RETAIL_TRANSFORM'
[0m01:48:20.984927 [debug] [ThreadPool]: Using snowflake connection "list_RETAIL_TRANSFORM"
[0m01:48:20.986092 [debug] [ThreadPool]: On list_RETAIL_TRANSFORM: show objects in RETAIL.TRANSFORM
    limit 10000
    

/* {"app": "dbt", "dbt_version": "1.12.2", "profile_name": "retail", "target_name": "dev", "connection_name": "list_RETAIL_TRANSFORM"} */;
[0m01:48:20.987015 [debug] [ThreadPool]: Opening a new connection, currently in state init
[0m01:48:23.364656 [debug] [ThreadPool]: SQL status: SUCCESS 2 in 2.378 seconds
[0m01:48:23.370606 [debug] [MainThread]: Sending event: {'category': 'dbt', 'action': 'runnable_timing', 'label': '7dd1d290-ec81-4f32-8d02-9b2bb1ca5238', 'context': [<snowplow_tracker.self_describing_json.SelfDescribingJson object at 0x7dab7a4ec7a0>]}
[0m01:48:23.397967 [debug] [Thread-1 (]: Began running node test.retail.not_null_stg_retail__country_country_id.62112acc14
[0m01:48:23.398656 [debug] [Thread-2 (]: Began running node test.retail.not_null_stg_retail__country_country_name.01607e07a7
[0m01:48:23.402240 [debug] [Thread-4 (]: Began running node test.retail.not_null_stg_retail__invoices_quantity.89522649ed
[0m01:48:23.405497 [info ] [Thread-1 (]: 1 of 8 START test not_null_stg_retail__country_country_id ...................... [RUN]
[0m01:48:23.406294 [debug] [Thread-3 (]: Began running node test.retail.not_null_stg_retail__invoices_invoice_no.904176d2f8
[0m01:48:23.407774 [info ] [Thread-2 (]: 2 of 8 START test not_null_stg_retail__country_country_name .................... [RUN]
[0m01:48:23.409327 [info ] [Thread-4 (]: 4 of 8 START test not_null_stg_retail__invoices_quantity ....................... [RUN]
[0m01:48:23.411560 [debug] [Thread-1 (]: Re-using an available connection from the pool (formerly list_RETAIL_TRANSFORM, now test.retail.not_null_stg_retail__country_country_id.62112acc14)
[0m01:48:23.413029 [info ] [Thread-3 (]: 3 of 8 START test not_null_stg_retail__invoices_invoice_no ..................... [RUN]
[0m01:48:23.414715 [debug] [Thread-2 (]: Acquiring new snowflake connection 'test.retail.not_null_stg_retail__country_country_name.01607e07a7'
[0m01:48:23.417146 [debug] [Thread-4 (]: Acquiring new snowflake connection 'test.retail.not_null_stg_retail__invoices_quantity.89522649ed'
[0m01:48:23.419325 [debug] [Thread-1 (]: Began compiling node test.retail.not_null_stg_retail__country_country_id.62112acc14
[0m01:48:23.421805 [debug] [Thread-3 (]: Acquiring new snowflake connection 'test.retail.not_null_stg_retail__invoices_invoice_no.904176d2f8'
[0m01:48:23.424639 [debug] [Thread-2 (]: Began compiling node test.retail.not_null_stg_retail__country_country_name.01607e07a7
[0m01:48:23.427099 [debug] [Thread-4 (]: Began compiling node test.retail.not_null_stg_retail__invoices_quantity.89522649ed
[0m01:48:23.440398 [debug] [Thread-3 (]: Began compiling node test.retail.not_null_stg_retail__invoices_invoice_no.904176d2f8
[0m01:48:23.467491 [debug] [Thread-1 (]: Writing injected SQL for node "test.retail.not_null_stg_retail__country_country_id.62112acc14"
[0m01:48:23.470013 [debug] [Thread-2 (]: Writing injected SQL for node "test.retail.not_null_stg_retail__country_country_name.01607e07a7"
[0m01:48:23.479278 [debug] [Thread-4 (]: Writing injected SQL for node "test.retail.not_null_stg_retail__invoices_quantity.89522649ed"
[0m01:48:23.487736 [debug] [Thread-3 (]: Writing injected SQL for node "test.retail.not_null_stg_retail__invoices_invoice_no.904176d2f8"
[0m01:48:23.504265 [debug] [Thread-3 (]: Began executing node test.retail.not_null_stg_retail__invoices_invoice_no.904176d2f8
[0m01:48:23.528719 [debug] [Thread-2 (]: Began executing node test.retail.not_null_stg_retail__country_country_name.01607e07a7
[0m01:48:23.546896 [debug] [Thread-4 (]: Began executing node test.retail.not_null_stg_retail__invoices_quantity.89522649ed
[0m01:48:23.548013 [debug] [Thread-1 (]: Began executing node test.retail.not_null_stg_retail__country_country_id.62112acc14
[0m01:48:23.549461 [debug] [Thread-3 (]: Writing runtime sql for node "test.retail.not_null_stg_retail__invoices_invoice_no.904176d2f8"
[0m01:48:23.553504 [debug] [Thread-2 (]: Writing runtime sql for node "test.retail.not_null_stg_retail__country_country_name.01607e07a7"
[0m01:48:23.557420 [debug] [Thread-4 (]: Writing runtime sql for node "test.retail.not_null_stg_retail__invoices_quantity.89522649ed"
[0m01:48:23.562672 [debug] [Thread-1 (]: Writing runtime sql for node "test.retail.not_null_stg_retail__country_country_id.62112acc14"
[0m01:48:23.586175 [debug] [Thread-3 (]: Using snowflake connection "test.retail.not_null_stg_retail__invoices_invoice_no.904176d2f8"
[0m01:48:23.588190 [debug] [Thread-3 (]: On test.retail.not_null_stg_retail__invoices_invoice_no.904176d2f8: select
      count(*) as failures,
      count(*) != 0 as should_warn,
      count(*) != 0 as should_error
    from (
      
    
  
    
    



select invoice_no
from RETAIL.TRANSFORM.stg_retail__invoices
where invoice_no is null



  
  
      
    ) dbt_internal_test
/* {"app": "dbt", "dbt_version": "1.12.2", "profile_name": "retail", "target_name": "dev", "node_id": "test.retail.not_null_stg_retail__invoices_invoice_no.904176d2f8"} */
[0m01:48:23.592147 [debug] [Thread-3 (]: Opening a new connection, currently in state init
[0m01:48:23.591153 [debug] [Thread-1 (]: Using snowflake connection "test.retail.not_null_stg_retail__country_country_id.62112acc14"
[0m01:48:23.599099 [debug] [Thread-1 (]: On test.retail.not_null_stg_retail__country_country_id.62112acc14: select
      count(*) as failures,
      count(*) != 0 as should_warn,
      count(*) != 0 as should_error
    from (
      
    
  
    
    



select country_id
from RETAIL.TRANSFORM.stg_retail__country
where country_id is null



  
  
      
    ) dbt_internal_test
/* {"app": "dbt", "dbt_version": "1.12.2", "profile_name": "retail", "target_name": "dev", "node_id": "test.retail.not_null_stg_retail__country_country_id.62112acc14"} */
[0m01:48:23.598230 [debug] [Thread-2 (]: Using snowflake connection "test.retail.not_null_stg_retail__country_country_name.01607e07a7"
[0m01:48:23.607113 [debug] [Thread-2 (]: On test.retail.not_null_stg_retail__country_country_name.01607e07a7: select
      count(*) as failures,
      count(*) != 0 as should_warn,
      count(*) != 0 as should_error
    from (
      
    
  
    
    



select country_name
from RETAIL.TRANSFORM.stg_retail__country
where country_name is null



  
  
      
    ) dbt_internal_test
/* {"app": "dbt", "dbt_version": "1.12.2", "profile_name": "retail", "target_name": "dev", "node_id": "test.retail.not_null_stg_retail__country_country_name.01607e07a7"} */
[0m01:48:23.605664 [debug] [Thread-4 (]: Using snowflake connection "test.retail.not_null_stg_retail__invoices_quantity.89522649ed"
[0m01:48:23.610111 [debug] [Thread-2 (]: Opening a new connection, currently in state init
[0m01:48:23.613693 [debug] [Thread-4 (]: On test.retail.not_null_stg_retail__invoices_quantity.89522649ed: select
      count(*) as failures,
      count(*) != 0 as should_warn,
      count(*) != 0 as should_error
    from (
      
    
  
    
    



select quantity
from RETAIL.TRANSFORM.stg_retail__invoices
where quantity is null



  
  
      
    ) dbt_internal_test
/* {"app": "dbt", "dbt_version": "1.12.2", "profile_name": "retail", "target_name": "dev", "node_id": "test.retail.not_null_stg_retail__invoices_quantity.89522649ed"} */
[0m01:48:23.632105 [debug] [Thread-4 (]: Opening a new connection, currently in state init
[0m01:48:24.410761 [debug] [Thread-1 (]: SQL status: SUCCESS 1 in 0.808 seconds
[0m01:48:24.468409 [info ] [Thread-1 (]: 1 of 8 PASS not_null_stg_retail__country_country_id ............................ [[32mPASS[0m in 1.06s]
[0m01:48:24.484533 [debug] [Thread-1 (]: Finished running node test.retail.not_null_stg_retail__country_country_id.62112acc14
[0m01:48:24.492725 [debug] [Thread-1 (]: Began running node test.retail.not_null_stg_retail__invoices_unit_price.34a2398ed9
[0m01:48:24.495861 [info ] [Thread-1 (]: 5 of 8 START test not_null_stg_retail__invoices_unit_price ..................... [RUN]
[0m01:48:24.498557 [debug] [Thread-1 (]: Re-using an available connection from the pool (formerly test.retail.not_null_stg_retail__country_country_id.62112acc14, now test.retail.not_null_stg_retail__invoices_unit_price.34a2398ed9)
[0m01:48:24.501169 [debug] [Thread-1 (]: Began compiling node test.retail.not_null_stg_retail__invoices_unit_price.34a2398ed9
[0m01:48:24.542278 [debug] [Thread-1 (]: Writing injected SQL for node "test.retail.not_null_stg_retail__invoices_unit_price.34a2398ed9"
[0m01:48:24.583162 [debug] [Thread-1 (]: Began executing node test.retail.not_null_stg_retail__invoices_unit_price.34a2398ed9
[0m01:48:24.589978 [debug] [Thread-1 (]: Writing runtime sql for node "test.retail.not_null_stg_retail__invoices_unit_price.34a2398ed9"
[0m01:48:24.613220 [debug] [Thread-1 (]: Using snowflake connection "test.retail.not_null_stg_retail__invoices_unit_price.34a2398ed9"
[0m01:48:24.615572 [debug] [Thread-1 (]: On test.retail.not_null_stg_retail__invoices_unit_price.34a2398ed9: select
      count(*) as failures,
      count(*) != 0 as should_warn,
      count(*) != 0 as should_error
    from (
      
    
  
    
    



select unit_price
from RETAIL.TRANSFORM.stg_retail__invoices
where unit_price is null



  
  
      
    ) dbt_internal_test
/* {"app": "dbt", "dbt_version": "1.12.2", "profile_name": "retail", "target_name": "dev", "node_id": "test.retail.not_null_stg_retail__invoices_unit_price.34a2398ed9"} */
[0m01:48:25.049795 [debug] [Thread-1 (]: SQL status: SUCCESS 1 in 0.432 seconds
[0m01:48:25.068416 [info ] [Thread-1 (]: 5 of 8 PASS not_null_stg_retail__invoices_unit_price ........................... [[32mPASS[0m in 0.57s]
[0m01:48:25.079244 [debug] [Thread-1 (]: Finished running node test.retail.not_null_stg_retail__invoices_unit_price.34a2398ed9
[0m01:48:25.084335 [debug] [Thread-1 (]: Began running node test.retail.source_not_null_retail_raw_invoices_InvoiceNo.865435d0ed
[0m01:48:25.087195 [info ] [Thread-1 (]: 6 of 8 START test source_not_null_retail_raw_invoices_InvoiceNo ................ [RUN]
[0m01:48:25.090728 [debug] [Thread-1 (]: Re-using an available connection from the pool (formerly test.retail.not_null_stg_retail__invoices_unit_price.34a2398ed9, now test.retail.source_not_null_retail_raw_invoices_InvoiceNo.865435d0ed)
[0m01:48:25.094507 [debug] [Thread-1 (]: Began compiling node test.retail.source_not_null_retail_raw_invoices_InvoiceNo.865435d0ed
[0m01:48:25.112472 [debug] [Thread-1 (]: Writing injected SQL for node "test.retail.source_not_null_retail_raw_invoices_InvoiceNo.865435d0ed"
[0m01:48:25.136640 [debug] [Thread-3 (]: SQL status: SUCCESS 1 in 1.544 seconds
[0m01:48:25.147124 [info ] [Thread-3 (]: 3 of 8 PASS not_null_stg_retail__invoices_invoice_no ........................... [[32mPASS[0m in 1.73s]
[0m01:48:25.150596 [debug] [Thread-3 (]: Finished running node test.retail.not_null_stg_retail__invoices_invoice_no.904176d2f8
[0m01:48:25.152896 [debug] [Thread-3 (]: Began running node test.retail.unique_stg_retail__country_country_id.ff999fd7c7
[0m01:48:25.157936 [info ] [Thread-3 (]: 7 of 8 START test unique_stg_retail__country_country_id ........................ [RUN]
[0m01:48:25.166591 [debug] [Thread-3 (]: Re-using an available connection from the pool (formerly test.retail.not_null_stg_retail__invoices_invoice_no.904176d2f8, now test.retail.unique_stg_retail__country_country_id.ff999fd7c7)
[0m01:48:25.169129 [debug] [Thread-3 (]: Began compiling node test.retail.unique_stg_retail__country_country_id.ff999fd7c7
[0m01:48:25.187832 [debug] [Thread-1 (]: Began executing node test.retail.source_not_null_retail_raw_invoices_InvoiceNo.865435d0ed
[0m01:48:25.198263 [debug] [Thread-1 (]: Writing runtime sql for node "test.retail.source_not_null_retail_raw_invoices_InvoiceNo.865435d0ed"
[0m01:48:25.202374 [debug] [Thread-3 (]: Writing injected SQL for node "test.retail.unique_stg_retail__country_country_id.ff999fd7c7"
[0m01:48:25.203558 [debug] [Thread-4 (]: SQL status: SUCCESS 1 in 1.572 seconds
[0m01:48:25.212488 [info ] [Thread-4 (]: 4 of 8 PASS not_null_stg_retail__invoices_quantity ............................. [[32mPASS[0m in 1.80s]
[0m01:48:25.218862 [debug] [Thread-4 (]: Finished running node test.retail.not_null_stg_retail__invoices_quantity.89522649ed
[0m01:48:25.221483 [debug] [Thread-4 (]: Began running node test.retail.unique_stg_retail__country_country_name.0e3ba116f7
[0m01:48:25.224364 [info ] [Thread-4 (]: 8 of 8 START test unique_stg_retail__country_country_name ...................... [RUN]
[0m01:48:25.229328 [debug] [Thread-4 (]: Re-using an available connection from the pool (formerly test.retail.not_null_stg_retail__invoices_quantity.89522649ed, now test.retail.unique_stg_retail__country_country_name.0e3ba116f7)
[0m01:48:25.233495 [debug] [Thread-4 (]: Began compiling node test.retail.unique_stg_retail__country_country_name.0e3ba116f7
[0m01:48:25.247497 [debug] [Thread-4 (]: Writing injected SQL for node "test.retail.unique_stg_retail__country_country_name.0e3ba116f7"
[0m01:48:25.253391 [debug] [Thread-3 (]: Began executing node test.retail.unique_stg_retail__country_country_id.ff999fd7c7
[0m01:48:25.258895 [debug] [Thread-3 (]: Writing runtime sql for node "test.retail.unique_stg_retail__country_country_id.ff999fd7c7"
[0m01:48:25.264018 [debug] [Thread-1 (]: Using snowflake connection "test.retail.source_not_null_retail_raw_invoices_InvoiceNo.865435d0ed"
[0m01:48:25.265749 [debug] [Thread-1 (]: On test.retail.source_not_null_retail_raw_invoices_InvoiceNo.865435d0ed: select
      count(*) as failures,
      count(*) != 0 as should_warn,
      count(*) != 0 as should_error
    from (
      
    
  
    
    



select InvoiceNo
from RETAIL.RAW.raw_invoices
where InvoiceNo is null



  
  
      
    ) dbt_internal_test
/* {"app": "dbt", "dbt_version": "1.12.2", "profile_name": "retail", "target_name": "dev", "node_id": "test.retail.source_not_null_retail_raw_invoices_InvoiceNo.865435d0ed"} */
[0m01:48:25.278452 [debug] [Thread-2 (]: SQL status: SUCCESS 1 in 1.668 seconds
[0m01:48:25.287234 [debug] [Thread-3 (]: Using snowflake connection "test.retail.unique_stg_retail__country_country_id.ff999fd7c7"
[0m01:48:25.290651 [debug] [Thread-3 (]: On test.retail.unique_stg_retail__country_country_id.ff999fd7c7: select
      count(*) as failures,
      count(*) != 0 as should_warn,
      count(*) != 0 as should_error
    from (
      
    
  
    
    

select
    country_id as unique_field,
    count(*) as n_records

from RETAIL.TRANSFORM.stg_retail__country
where country_id is not null
group by country_id
having count(*) > 1



  
  
      
    ) dbt_internal_test
/* {"app": "dbt", "dbt_version": "1.12.2", "profile_name": "retail", "target_name": "dev", "node_id": "test.retail.unique_stg_retail__country_country_id.ff999fd7c7"} */
[0m01:48:25.285108 [info ] [Thread-2 (]: 2 of 8 PASS not_null_stg_retail__country_country_name .......................... [[32mPASS[0m in 1.87s]
[0m01:48:25.288908 [debug] [Thread-4 (]: Began executing node test.retail.unique_stg_retail__country_country_name.0e3ba116f7
[0m01:48:25.297345 [debug] [Thread-2 (]: Finished running node test.retail.not_null_stg_retail__country_country_name.01607e07a7
[0m01:48:25.302744 [debug] [Thread-4 (]: Writing runtime sql for node "test.retail.unique_stg_retail__country_country_name.0e3ba116f7"
[0m01:48:25.337236 [debug] [Thread-4 (]: Using snowflake connection "test.retail.unique_stg_retail__country_country_name.0e3ba116f7"
[0m01:48:25.340522 [debug] [Thread-4 (]: On test.retail.unique_stg_retail__country_country_name.0e3ba116f7: select
      count(*) as failures,
      count(*) != 0 as should_warn,
      count(*) != 0 as should_error
    from (
      
    
  
    
    

select
    country_name as unique_field,
    count(*) as n_records

from RETAIL.TRANSFORM.stg_retail__country
where country_name is not null
group by country_name
having count(*) > 1



  
  
      
    ) dbt_internal_test
/* {"app": "dbt", "dbt_version": "1.12.2", "profile_name": "retail", "target_name": "dev", "node_id": "test.retail.unique_stg_retail__country_country_name.0e3ba116f7"} */
[0m01:48:25.550806 [debug] [Thread-1 (]: SQL status: SUCCESS 1 in 0.283 seconds
[0m01:48:25.563376 [info ] [Thread-1 (]: 6 of 8 PASS source_not_null_retail_raw_invoices_InvoiceNo ...................... [[32mPASS[0m in 0.47s]
[0m01:48:25.570730 [debug] [Thread-1 (]: Finished running node test.retail.source_not_null_retail_raw_invoices_InvoiceNo.865435d0ed
[0m01:48:25.620795 [debug] [Thread-3 (]: SQL status: SUCCESS 1 in 0.326 seconds
[0m01:48:25.631403 [info ] [Thread-3 (]: 7 of 8 PASS unique_stg_retail__country_country_id .............................. [[32mPASS[0m in 0.46s]
[0m01:48:25.638005 [debug] [Thread-3 (]: Finished running node test.retail.unique_stg_retail__country_country_id.ff999fd7c7
[0m01:48:25.636244 [debug] [Thread-4 (]: SQL status: SUCCESS 1 in 0.291 seconds
[0m01:48:25.646245 [info ] [Thread-4 (]: 8 of 8 PASS unique_stg_retail__country_country_name ............................ [[32mPASS[0m in 0.42s]
[0m01:48:25.649921 [debug] [Thread-4 (]: Finished running node test.retail.unique_stg_retail__country_country_name.0e3ba116f7
[0m01:48:25.656329 [debug] [MainThread]: Connection 'master' was properly closed.
[0m01:48:25.658191 [debug] [MainThread]: Connection 'test.retail.source_not_null_retail_raw_invoices_InvoiceNo.865435d0ed' was left open.
[0m01:48:25.660278 [debug] [MainThread]: On test.retail.source_not_null_retail_raw_invoices_InvoiceNo.865435d0ed: Close
[0m01:48:26.095193 [debug] [MainThread]: Connection 'test.retail.not_null_stg_retail__country_country_name.01607e07a7' was left open.
[0m01:48:26.097666 [debug] [MainThread]: On test.retail.not_null_stg_retail__country_country_name.01607e07a7: Close
[0m01:48:26.555669 [debug] [MainThread]: Connection 'test.retail.unique_stg_retail__country_country_name.0e3ba116f7' was left open.
[0m01:48:26.557405 [debug] [MainThread]: On test.retail.unique_stg_retail__country_country_name.0e3ba116f7: Close
[0m01:48:27.015125 [debug] [MainThread]: Connection 'test.retail.unique_stg_retail__country_country_id.ff999fd7c7' was left open.
[0m01:48:27.017128 [debug] [MainThread]: On test.retail.unique_stg_retail__country_country_id.ff999fd7c7: Close
[0m01:48:27.450105 [info ] [MainThread]: 
[0m01:48:27.457563 [info ] [MainThread]: Finished running 8 data tests in 0 hours 0 minutes and 6.56 seconds (6.56s).
[0m01:48:27.471157 [debug] [MainThread]: Command end result
[0m01:48:27.575236 [debug] [MainThread]: Wrote artifact WritableManifest to /usr/local/airflow/include/dbt/target/manifest.json
[0m01:48:27.588137 [debug] [MainThread]: Wrote artifact SemanticManifest to /usr/local/airflow/include/dbt/target/semantic_manifest.json
[0m01:48:27.602498 [debug] [MainThread]: Wrote artifact OsiDocument to /usr/local/airflow/include/dbt/target/osi_document.json
[0m01:48:27.622565 [debug] [MainThread]: Wrote artifact RunExecutionResult to /usr/local/airflow/include/dbt/target/run_results.json
[0m01:48:27.624360 [info ] [MainThread]: 
[0m01:48:27.626665 [info ] [MainThread]: [32mCompleted successfully[0m
[0m01:48:27.628805 [info ] [MainThread]: 
[0m01:48:27.630639 [info ] [MainThread]: Done. PASS=8 WARN=0 ERROR=0 SKIP=0 NO-OP=0 REUSED=0 TOTAL=8
[0m01:48:27.634015 [debug] [MainThread]: Resource report: {"command_name": "test", "command_success": true, "command_wall_clock_time": 15.721999, "process_in_blocks": "2478", "process_kernel_time": 7.132746, "process_mem_max_rss": "310812", "process_out_blocks": "24", "process_user_time": 11.451309}
[0m01:48:27.636349 [debug] [MainThread]: Command `dbt test` succeeded at 01:48:27.636132 after 15.72 seconds
[0m01:48:27.638101 [debug] [MainThread]: Sending event: {'category': 'dbt', 'action': 'invocation', 'label': 'end', 'context': [<snowplow_tracker.self_describing_json.SelfDescribingJson object at 0x7dab7a28ad50>, <snowplow_tracker.self_describing_json.SelfDescribingJson object at 0x7dab7876d180>, <snowplow_tracker.self_describing_json.SelfDescribingJson object at 0x7dab7876cd60>]}
[0m01:48:27.639555 [debug] [MainThread]: Flushing usage events
[0m01:48:27.826512 [debug] [MainThread]: An error was encountered while trying to flush usage events
[0m01:55:57.355224 [debug] [MainThread]: Sending event: {'category': 'dbt', 'action': 'invocation', 'label': 'start', 'context': [<snowplow_tracker.self_describing_json.SelfDescribingJson object at 0x7b6508a85fd0>, <snowplow_tracker.self_describing_json.SelfDescribingJson object at 0x7b650a94dbd0>, <snowplow_tracker.self_describing_json.SelfDescribingJson object at 0x7b650741f9d0>]}


============================== 01:55:57.391258 | 0ea193a3-f577-4f82-ae5f-fd02f05f7969 ==============================
[0m01:55:57.391258 [info ] [MainThread]: Running with dbt=1.12.2
[0m01:55:57.393156 [debug] [MainThread]: running dbt with arguments {'profiles_dir': '/usr/local/airflow/include/dbt', 'static_parser': 'True', 'log_cache_events': 'False', 'fail_fast': 'False', 'hints_enabled': 'True', 'version_check': 'True', 'introspect': 'True', 'no_print': 'None', 'debug': 'False', 'printer_width': '80', 'send_anonymous_usage_stats': 'True', 'warn_error_options': 'WarnErrorOptionsV2(error=[], warn=[], silence=[])', 'use_colors': 'True', 'log_format': 'default', 'write_json': 'True', 'empty': 'None', 'use_experimental_parser': 'False', 'invocation_command': 'dbt deps', 'partial_parse': 'True', 'target_path': 'None', 'log_path': '/usr/local/airflow/include/dbt/logs', 'warn_error': 'None', 'cache_selected_only': 'False', 'indirect_selection': 'eager', 'quiet': 'False', 'maximum_seed_size_mib': '1'}
[0m01:55:58.030764 [debug] [MainThread]: Sending event: {'category': 'dbt', 'action': 'project_id', 'label': '0ea193a3-f577-4f82-ae5f-fd02f05f7969', 'context': [<snowplow_tracker.self_describing_json.SelfDescribingJson object at 0x7b65069d2b10>]}
[0m01:55:59.428481 [debug] [MainThread]: Set downloads directory='/tmp/dbt-downloads-tra6t2jv'
[0m01:55:59.430103 [debug] [MainThread]: Making package index registry request: GET https://hub.getdbt.com/api/v1/index.json
[0m01:55:59.936030 [debug] [MainThread]: Response from registry index: GET https://hub.getdbt.com/api/v1/index.json 200
[0m01:55:59.940413 [debug] [MainThread]: Making package registry request: GET https://hub.getdbt.com/api/v1/dbt-labs/dbt_utils.json
[0m01:56:00.051437 [debug] [MainThread]: Response from registry: GET https://hub.getdbt.com/api/v1/dbt-labs/dbt_utils.json 200
[0m01:56:00.059619 [info ] [MainThread]: Installing dbt-labs/dbt_utils
[0m01:56:12.409756 [info ] [MainThread]: Installed from version 1.1.1
[0m01:56:12.411749 [info ] [MainThread]: Updated version available: 1.4.1
[0m01:56:12.417692 [debug] [MainThread]: Sending event: {'category': 'dbt', 'action': 'package', 'label': '0ea193a3-f577-4f82-ae5f-fd02f05f7969', 'property_': 'install', 'context': [<snowplow_tracker.self_describing_json.SelfDescribingJson object at 0x7b6509eb4f30>, <snowplow_tracker.self_describing_json.SelfDescribingJson object at 0x7b650746fbd0>]}
[0m01:56:12.420679 [info ] [MainThread]: 
[0m01:56:12.423535 [info ] [MainThread]: Updates available for packages: ['dbt-labs/dbt_utils']                 
Update your versions in packages.yml, then run dbt deps
[0m01:56:12.433304 [debug] [MainThread]: Resource report: {"command_name": "deps", "command_success": true, "command_wall_clock_time": 15.263497, "process_in_blocks": "2", "process_kernel_time": 10.604714, "process_mem_max_rss": "151832", "process_out_blocks": "200", "process_user_time": 7.184115}
[0m01:56:12.436375 [debug] [MainThread]: Command `dbt deps` succeeded at 01:56:12.435903 after 15.27 seconds
[0m01:56:12.438821 [debug] [MainThread]: Sending event: {'category': 'dbt', 'action': 'invocation', 'label': 'end', 'context': [<snowplow_tracker.self_describing_json.SelfDescribingJson object at 0x7b6506fd5c50>, <snowplow_tracker.self_describing_json.SelfDescribingJson object at 0x7b650751ae40>, <snowplow_tracker.self_describing_json.SelfDescribingJson object at 0x7b650751ad50>]}
[0m01:56:12.440777 [debug] [MainThread]: Flushing usage events
[0m01:56:12.612084 [debug] [MainThread]: An error was encountered while trying to flush usage events
[0m01:56:32.143505 [debug] [MainThread]: Sending event: {'category': 'dbt', 'action': 'invocation', 'label': 'start', 'context': [<snowplow_tracker.self_describing_json.SelfDescribingJson object at 0x7555160b9fd0>, <snowplow_tracker.self_describing_json.SelfDescribingJson object at 0x755517f7dbd0>, <snowplow_tracker.self_describing_json.SelfDescribingJson object at 0x755514ac79d0>]}


============================== 01:56:32.162383 | dc6fec4f-14cc-4891-ad27-6321fdaa8fc9 ==============================
[0m01:56:32.162383 [info ] [MainThread]: Running with dbt=1.12.2
[0m01:56:32.166075 [debug] [MainThread]: running dbt with arguments {'empty': 'False', 'fail_fast': 'False', 'introspect': 'True', 'quiet': 'False', 'indirect_selection': 'eager', 'log_format': 'default', 'cache_selected_only': 'False', 'version_check': 'True', 'send_anonymous_usage_stats': 'True', 'target_path': 'None', 'log_path': '/usr/local/airflow/include/dbt/logs', 'invocation_command': 'dbt run --select intermediate --profiles-dir /usr/local/airflow/include/dbt/', 'hints_enabled': 'True', 'no_print': 'None', 'warn_error_options': 'WarnErrorOptionsV2(error=[], warn=[], silence=[])', 'write_json': 'True', 'maximum_seed_size_mib': '1', 'warn_error': 'None', 'partial_parse': 'True', 'use_experimental_parser': 'False', 'static_parser': 'True', 'printer_width': '80', 'debug': 'False', 'use_colors': 'True', 'log_cache_events': 'False', 'profiles_dir': '/usr/local/airflow/include/dbt/'}
[0m01:56:41.343685 [debug] [MainThread]: Snowflake adapter: Setting snowflake.connector to ERROR (file logging only)
[0m01:56:41.347070 [debug] [MainThread]: Snowflake adapter: Setting botocore to ERROR (file logging only)
[0m01:56:41.349625 [debug] [MainThread]: Snowflake adapter: Setting boto3 to ERROR (file logging only)
[0m01:56:42.396133 [debug] [MainThread]: Sending event: {'category': 'dbt', 'action': 'project_id', 'label': 'dc6fec4f-14cc-4891-ad27-6321fdaa8fc9', 'context': [<snowplow_tracker.self_describing_json.SelfDescribingJson object at 0x7554ef98f6f0>]}
[0m01:56:42.556957 [debug] [MainThread]: Sending event: {'category': 'dbt', 'action': 'adapter_info', 'label': 'dc6fec4f-14cc-4891-ad27-6321fdaa8fc9', 'context': [<snowplow_tracker.self_describing_json.SelfDescribingJson object at 0x7554ef9d39b0>]}
[0m01:56:42.561111 [info ] [MainThread]: Registered adapter: snowflake=1.10.5
[0m01:56:43.022769 [debug] [MainThread]: checksum: cc35750ecde71b865d75821767eaac2efd404a8abed9e099166986ed39d3d5d9, vars: {}, profile: retail, target: dev, version: 1.12.2
[0m01:56:45.134987 [debug] [MainThread]: Partial parsing enabled: 0 files deleted, 0 files added, 7 files changed.
[0m01:56:45.136401 [debug] [MainThread]: Partial parsing: updated file: retail://models/marts/core/_core__models.yml
[0m01:56:45.137674 [debug] [MainThread]: Partial parsing: updated file: retail://models/intermediate/retail/_int_retail__models.yml
[0m01:56:45.138968 [debug] [MainThread]: Partial parsing: updated file: retail://models/marts/core/fct_invoices.sql
[0m01:56:45.140201 [debug] [MainThread]: Partial parsing: updated file: retail://models/marts/core/dim_customer.sql
[0m01:56:45.141220 [debug] [MainThread]: Partial parsing: updated file: retail://models/marts/core/dim_product.sql
[0m01:56:45.142259 [debug] [MainThread]: Partial parsing: updated file: retail://models/intermediate/retail/int_retail__invoice_lines.sql
[0m01:56:45.143374 [debug] [MainThread]: Partial parsing: updated file: retail://models/marts/core/dim_datetime.sql
[0m01:56:46.110314 [debug] [MainThread]: Sending event: {'category': 'dbt', 'action': 'load_project', 'label': 'dc6fec4f-14cc-4891-ad27-6321fdaa8fc9', 'context': [<snowplow_tracker.self_describing_json.SelfDescribingJson object at 0x7554ef3c6b50>]}
[0m01:56:46.297383 [debug] [MainThread]: Wrote artifact WritableManifest to /usr/local/airflow/include/dbt/target/manifest.json
[0m01:56:46.308428 [debug] [MainThread]: Wrote artifact SemanticManifest to /usr/local/airflow/include/dbt/target/semantic_manifest.json
[0m01:56:46.381997 [debug] [MainThread]: Wrote artifact OsiDocument to /usr/local/airflow/include/dbt/target/osi_document.json
[0m01:56:46.462416 [debug] [MainThread]: Sending event: {'category': 'dbt', 'action': 'resource_counts', 'label': 'dc6fec4f-14cc-4891-ad27-6321fdaa8fc9', 'context': [<snowplow_tracker.self_describing_json.SelfDescribingJson object at 0x7554ede16e40>]}
[0m01:56:46.464579 [info ] [MainThread]: Found 7 models, 23 data tests, 2 sources, 634 macros
[0m01:56:46.466838 [debug] [MainThread]: Sending event: {'category': 'dbt', 'action': 'runnable_timing', 'label': 'dc6fec4f-14cc-4891-ad27-6321fdaa8fc9', 'context': [<snowplow_tracker.self_describing_json.SelfDescribingJson object at 0x7554edef50f0>]}
[0m01:56:46.474053 [info ] [MainThread]: 
[0m01:56:46.476435 [info ] [MainThread]: Concurrency: 4 threads (target='dev')
[0m01:56:46.478907 [info ] [MainThread]: 
[0m01:56:46.481727 [debug] [MainThread]: Acquiring new snowflake connection 'master'
[0m01:56:46.485986 [debug] [ThreadPool]: Acquiring new snowflake connection 'list_RETAIL'
[0m01:56:47.081139 [debug] [ThreadPool]: Using snowflake connection "list_RETAIL"
[0m01:56:47.082824 [debug] [ThreadPool]: On list_RETAIL: show terse schemas in database RETAIL
    limit 10000
/* {"app": "dbt", "dbt_version": "1.12.2", "profile_name": "retail", "target_name": "dev", "connection_name": "list_RETAIL"} */
[0m01:56:47.084157 [debug] [ThreadPool]: Opening a new connection, currently in state init
[0m01:56:49.873515 [debug] [ThreadPool]: SQL status: SUCCESS 5 in 2.688 seconds
[0m01:56:49.889734 [debug] [ThreadPool]: Re-using an available connection from the pool (formerly list_RETAIL, now list_RETAIL_TRANSFORM)
[0m01:56:49.904614 [debug] [ThreadPool]: Using snowflake connection "list_RETAIL_TRANSFORM"
[0m01:56:49.906350 [debug] [ThreadPool]: On list_RETAIL_TRANSFORM: show objects in RETAIL.TRANSFORM
    limit 10000
    

/* {"app": "dbt", "dbt_version": "1.12.2", "profile_name": "retail", "target_name": "dev", "connection_name": "list_RETAIL_TRANSFORM"} */;
[0m01:56:50.425635 [debug] [ThreadPool]: SQL status: SUCCESS 2 in 0.518 seconds
[0m01:56:50.435833 [debug] [MainThread]: Sending event: {'category': 'dbt', 'action': 'runnable_timing', 'label': 'dc6fec4f-14cc-4891-ad27-6321fdaa8fc9', 'context': [<snowplow_tracker.self_describing_json.SelfDescribingJson object at 0x7554ecfd1d90>]}
[0m01:56:50.463158 [debug] [Thread-1 (]: Began running node model.retail.int_retail__invoice_lines
[0m01:56:50.464999 [info ] [Thread-1 (]: 1 of 1 START sql view model TRANSFORM.int_retail__invoice_lines ................ [RUN]
[0m01:56:50.466735 [debug] [Thread-1 (]: Re-using an available connection from the pool (formerly list_RETAIL_TRANSFORM, now model.retail.int_retail__invoice_lines)
[0m01:56:50.468508 [debug] [Thread-1 (]: Began compiling node model.retail.int_retail__invoice_lines
[0m01:56:50.476212 [debug] [Thread-1 (]: Writing injected SQL for node "model.retail.int_retail__invoice_lines"
[0m01:56:50.540152 [debug] [Thread-1 (]: Began executing node model.retail.int_retail__invoice_lines
[0m01:56:50.753433 [debug] [Thread-1 (]: Writing runtime sql for node "model.retail.int_retail__invoice_lines"
[0m01:56:50.824665 [debug] [Thread-1 (]: Using snowflake connection "model.retail.int_retail__invoice_lines"
[0m01:56:50.826322 [debug] [Thread-1 (]: On model.retail.int_retail__invoice_lines: create or replace   view RETAIL.TRANSFORM.int_retail__invoice_lines
  
  
  
  
  as (
    -- int_retail__invoice_lines.sql
-- Computes line-level totals and filters to valid, sellable rows.
-- This is where "what counts as a real sale" logic lives, kept separate
-- from both the raw staging pass-through and the dimensional marts.

with invoices as (
    select * from RETAIL.TRANSFORM.stg_retail__invoices
),

priced as (
    select
        *,
        quantity * unit_price as line_total
    from invoices
    where quantity > 0        -- excludes returns/cancellations (negative quantity)
      and unit_price > 0      -- excludes free-item / data-entry-error rows
      and stock_code is not null
)

select * from priced
  )
/* {"app": "dbt", "dbt_version": "1.12.2", "profile_name": "retail", "target_name": "dev", "node_id": "model.retail.int_retail__invoice_lines"} */;
[0m01:56:51.477365 [debug] [Thread-1 (]: SQL status: SUCCESS 1 in 0.649 seconds
[0m01:56:51.502834 [debug] [Thread-1 (]: Sending event: {'category': 'dbt', 'action': 'run_model', 'label': 'dc6fec4f-14cc-4891-ad27-6321fdaa8fc9', 'context': [<snowplow_tracker.self_describing_json.SelfDescribingJson object at 0x7554ecffb1d0>]}
[0m01:56:51.505567 [info ] [Thread-1 (]: 1 of 1 OK created sql view model TRANSFORM.int_retail__invoice_lines ........... [[32mSUCCESS 1[0m in 1.03s]
[0m01:56:51.508301 [debug] [Thread-1 (]: Finished running node model.retail.int_retail__invoice_lines
[0m01:56:51.516609 [debug] [MainThread]: Connection 'master' was properly closed.
[0m01:56:51.517883 [debug] [MainThread]: Connection 'model.retail.int_retail__invoice_lines' was left open.
[0m01:56:51.519105 [debug] [MainThread]: On model.retail.int_retail__invoice_lines: Close
[0m01:56:51.973720 [info ] [MainThread]: 
[0m01:56:51.975301 [info ] [MainThread]: Finished running 1 view model in 0 hours 0 minutes and 5.49 seconds (5.49s).
[0m01:56:51.978860 [debug] [MainThread]: Command end result
[0m01:56:52.079224 [debug] [MainThread]: Wrote artifact WritableManifest to /usr/local/airflow/include/dbt/target/manifest.json
[0m01:56:52.093224 [debug] [MainThread]: Wrote artifact SemanticManifest to /usr/local/airflow/include/dbt/target/semantic_manifest.json
[0m01:56:52.104610 [debug] [MainThread]: Wrote artifact OsiDocument to /usr/local/airflow/include/dbt/target/osi_document.json
[0m01:56:52.131163 [debug] [MainThread]: Wrote artifact RunExecutionResult to /usr/local/airflow/include/dbt/target/run_results.json
[0m01:56:52.132532 [info ] [MainThread]: 
[0m01:56:52.134169 [info ] [MainThread]: [32mCompleted successfully[0m
[0m01:56:52.135861 [info ] [MainThread]: 
[0m01:56:52.137747 [info ] [MainThread]: Done. PASS=1 WARN=0 ERROR=0 SKIP=0 NO-OP=0 REUSED=0 TOTAL=1
[0m01:56:52.140229 [debug] [MainThread]: Resource report: {"command_name": "run", "command_success": true, "command_wall_clock_time": 20.077892, "process_in_blocks": "3111", "process_kernel_time": 7.838872, "process_mem_max_rss": "283408", "process_out_blocks": "24", "process_user_time": 15.677744}
[0m01:56:52.142352 [debug] [MainThread]: Command `dbt run` succeeded at 01:56:52.142158 after 20.08 seconds
[0m01:56:52.143881 [debug] [MainThread]: Sending event: {'category': 'dbt', 'action': 'invocation', 'label': 'end', 'context': [<snowplow_tracker.self_describing_json.SelfDescribingJson object at 0x7554ece74e10>, <snowplow_tracker.self_describing_json.SelfDescribingJson object at 0x7554ef078730>, <snowplow_tracker.self_describing_json.SelfDescribingJson object at 0x7554ef079090>]}
[0m01:56:52.145329 [debug] [MainThread]: Flushing usage events
[0m01:56:52.284298 [debug] [MainThread]: An error was encountered while trying to flush usage events
[0m01:57:04.028664 [debug] [MainThread]: Sending event: {'category': 'dbt', 'action': 'invocation', 'label': 'start', 'context': [<snowplow_tracker.self_describing_json.SelfDescribingJson object at 0x7c90d910dfd0>, <snowplow_tracker.self_describing_json.SelfDescribingJson object at 0x7c90dafb5bd0>, <snowplow_tracker.self_describing_json.SelfDescribingJson object at 0x7c90d79d79d0>]}


============================== 01:57:04.034660 | 8fc6a75d-433b-4057-b20e-191d93f347de ==============================
[0m01:57:04.034660 [info ] [MainThread]: Running with dbt=1.12.2
[0m01:57:04.036791 [debug] [MainThread]: running dbt with arguments {'log_cache_events': 'False', 'no_print': 'None', 'profiles_dir': '/usr/local/airflow/include/dbt/', 'printer_width': '80', 'maximum_seed_size_mib': '1', 'log_path': '/usr/local/airflow/include/dbt/logs', 'quiet': 'False', 'warn_error': 'None', 'cache_selected_only': 'False', 'use_colors': 'True', 'empty': 'None', 'use_experimental_parser': 'False', 'fail_fast': 'False', 'send_anonymous_usage_stats': 'True', 'target_path': 'None', 'write_json': 'True', 'version_check': 'True', 'static_parser': 'True', 'indirect_selection': 'eager', 'partial_parse': 'True', 'warn_error_options': 'WarnErrorOptionsV2(error=[], warn=[], silence=[])', 'invocation_command': 'dbt test --select intermediate --profiles-dir /usr/local/airflow/include/dbt/', 'introspect': 'True', 'log_format': 'default', 'debug': 'False', 'hints_enabled': 'True'}
[0m01:57:05.707735 [debug] [MainThread]: Snowflake adapter: Setting snowflake.connector to ERROR (file logging only)
[0m01:57:05.710402 [debug] [MainThread]: Snowflake adapter: Setting botocore to ERROR (file logging only)
[0m01:57:05.712980 [debug] [MainThread]: Snowflake adapter: Setting boto3 to ERROR (file logging only)
[0m01:57:06.279719 [debug] [MainThread]: Sending event: {'category': 'dbt', 'action': 'project_id', 'label': '8fc6a75d-433b-4057-b20e-191d93f347de', 'context': [<snowplow_tracker.self_describing_json.SelfDescribingJson object at 0x7c90b2a9b6f0>]}
[0m01:57:06.409297 [debug] [MainThread]: Sending event: {'category': 'dbt', 'action': 'adapter_info', 'label': '8fc6a75d-433b-4057-b20e-191d93f347de', 'context': [<snowplow_tracker.self_describing_json.SelfDescribingJson object at 0x7c90b290b9b0>]}
[0m01:57:06.412106 [info ] [MainThread]: Registered adapter: snowflake=1.10.5
[0m01:57:06.585865 [debug] [MainThread]: checksum: cc35750ecde71b865d75821767eaac2efd404a8abed9e099166986ed39d3d5d9, vars: {}, profile: retail, target: dev, version: 1.12.2
[0m01:57:07.750589 [debug] [MainThread]: Partial parsing enabled: 0 files deleted, 0 files added, 0 files changed.
[0m01:57:07.751601 [debug] [MainThread]: Nothing changed, skipping partial parsing.
[0m01:57:07.752591 [debug] [MainThread]: Partial parsing enabled, no changes found, skipping parsing
[0m01:57:07.764246 [debug] [MainThread]: Sending event: {'category': 'dbt', 'action': 'load_project', 'label': '8fc6a75d-433b-4057-b20e-191d93f347de', 'context': [<snowplow_tracker.self_describing_json.SelfDescribingJson object at 0x7c90b22ade50>]}
[0m01:57:07.950554 [debug] [MainThread]: Wrote artifact WritableManifest to /usr/local/airflow/include/dbt/target/manifest.json
[0m01:57:07.963377 [debug] [MainThread]: Wrote artifact SemanticManifest to /usr/local/airflow/include/dbt/target/semantic_manifest.json
[0m01:57:08.005720 [debug] [MainThread]: Wrote artifact OsiDocument to /usr/local/airflow/include/dbt/target/osi_document.json
[0m01:57:08.539054 [debug] [MainThread]: Sending event: {'category': 'dbt', 'action': 'resource_counts', 'label': '8fc6a75d-433b-4057-b20e-191d93f347de', 'context': [<snowplow_tracker.self_describing_json.SelfDescribingJson object at 0x7c90b2237b60>]}
[0m01:57:08.541386 [info ] [MainThread]: Found 7 models, 23 data tests, 2 sources, 634 macros
[0m01:57:08.544043 [debug] [MainThread]: Sending event: {'category': 'dbt', 'action': 'runnable_timing', 'label': '8fc6a75d-433b-4057-b20e-191d93f347de', 'context': [<snowplow_tracker.self_describing_json.SelfDescribingJson object at 0x7c90b209f150>]}
[0m01:57:08.551881 [info ] [MainThread]: 
[0m01:57:08.554143 [info ] [MainThread]: Concurrency: 4 threads (target='dev')
[0m01:57:08.556716 [info ] [MainThread]: 
[0m01:57:08.560217 [debug] [MainThread]: Acquiring new snowflake connection 'master'
[0m01:57:08.577169 [debug] [ThreadPool]: Acquiring new snowflake connection 'list_RETAIL_TRANSFORM'
[0m01:57:08.746874 [debug] [ThreadPool]: Using snowflake connection "list_RETAIL_TRANSFORM"
[0m01:57:08.748327 [debug] [ThreadPool]: On list_RETAIL_TRANSFORM: show objects in RETAIL.TRANSFORM
    limit 10000
    

/* {"app": "dbt", "dbt_version": "1.12.2", "profile_name": "retail", "target_name": "dev", "connection_name": "list_RETAIL_TRANSFORM"} */;
[0m01:57:08.749837 [debug] [ThreadPool]: Opening a new connection, currently in state init
[0m01:57:10.812389 [debug] [ThreadPool]: SQL status: SUCCESS 3 in 2.063 seconds
[0m01:57:10.823309 [debug] [MainThread]: Sending event: {'category': 'dbt', 'action': 'runnable_timing', 'label': '8fc6a75d-433b-4057-b20e-191d93f347de', 'context': [<snowplow_tracker.self_describing_json.SelfDescribingJson object at 0x7c90b1e9db20>]}
[0m01:57:10.835411 [debug] [Thread-1 (]: Began running node test.retail.not_null_int_retail__invoice_lines_line_total.48f95636d9
[0m01:57:10.837088 [info ] [Thread-1 (]: 1 of 2 START test not_null_int_retail__invoice_lines_line_total ................ [RUN]
[0m01:57:10.836221 [debug] [Thread-2 (]: Began running node test.retail.not_null_int_retail__invoice_lines_quantity.b03ac4060e
[0m01:57:10.839099 [debug] [Thread-1 (]: Re-using an available connection from the pool (formerly list_RETAIL_TRANSFORM, now test.retail.not_null_int_retail__invoice_lines_line_total.48f95636d9)
[0m01:57:10.843066 [debug] [Thread-1 (]: Began compiling node test.retail.not_null_int_retail__invoice_lines_line_total.48f95636d9
[0m01:57:10.841047 [info ] [Thread-2 (]: 2 of 2 START test not_null_int_retail__invoice_lines_quantity .................. [RUN]
[0m01:57:10.856565 [debug] [Thread-2 (]: Acquiring new snowflake connection 'test.retail.not_null_int_retail__invoice_lines_quantity.b03ac4060e'
[0m01:57:10.863381 [debug] [Thread-2 (]: Began compiling node test.retail.not_null_int_retail__invoice_lines_quantity.b03ac4060e
[0m01:57:10.896000 [debug] [Thread-1 (]: Writing injected SQL for node "test.retail.not_null_int_retail__invoice_lines_line_total.48f95636d9"
[0m01:57:10.900706 [debug] [Thread-2 (]: Writing injected SQL for node "test.retail.not_null_int_retail__invoice_lines_quantity.b03ac4060e"
[0m01:57:10.928830 [debug] [Thread-2 (]: Began executing node test.retail.not_null_int_retail__invoice_lines_quantity.b03ac4060e
[0m01:57:10.953851 [debug] [Thread-1 (]: Began executing node test.retail.not_null_int_retail__invoice_lines_line_total.48f95636d9
[0m01:57:11.035291 [debug] [Thread-1 (]: Writing runtime sql for node "test.retail.not_null_int_retail__invoice_lines_line_total.48f95636d9"
[0m01:57:11.036288 [debug] [Thread-2 (]: Writing runtime sql for node "test.retail.not_null_int_retail__invoice_lines_quantity.b03ac4060e"
[0m01:57:11.067054 [debug] [Thread-1 (]: Using snowflake connection "test.retail.not_null_int_retail__invoice_lines_line_total.48f95636d9"
[0m01:57:11.069144 [debug] [Thread-1 (]: On test.retail.not_null_int_retail__invoice_lines_line_total.48f95636d9: select
      count(*) as failures,
      count(*) != 0 as should_warn,
      count(*) != 0 as should_error
    from (
      
    
  
    
    



select line_total
from RETAIL.TRANSFORM.int_retail__invoice_lines
where line_total is null



  
  
      
    ) dbt_internal_test
/* {"app": "dbt", "dbt_version": "1.12.2", "profile_name": "retail", "target_name": "dev", "node_id": "test.retail.not_null_int_retail__invoice_lines_line_total.48f95636d9"} */
[0m01:57:11.073557 [debug] [Thread-2 (]: Using snowflake connection "test.retail.not_null_int_retail__invoice_lines_quantity.b03ac4060e"
[0m01:57:11.076454 [debug] [Thread-2 (]: On test.retail.not_null_int_retail__invoice_lines_quantity.b03ac4060e: select
      count(*) as failures,
      count(*) != 0 as should_warn,
      count(*) != 0 as should_error
    from (
      
    
  
    
    



select quantity
from RETAIL.TRANSFORM.int_retail__invoice_lines
where quantity is null



  
  
      
    ) dbt_internal_test
/* {"app": "dbt", "dbt_version": "1.12.2", "profile_name": "retail", "target_name": "dev", "node_id": "test.retail.not_null_int_retail__invoice_lines_quantity.b03ac4060e"} */
[0m01:57:11.080107 [debug] [Thread-2 (]: Opening a new connection, currently in state init
[0m01:57:11.810270 [debug] [Thread-1 (]: SQL status: SUCCESS 1 in 0.739 seconds
[0m01:57:11.848508 [info ] [Thread-1 (]: 1 of 2 PASS not_null_int_retail__invoice_lines_line_total ...................... [[32mPASS[0m in 1.01s]
[0m01:57:11.852162 [debug] [Thread-1 (]: Finished running node test.retail.not_null_int_retail__invoice_lines_line_total.48f95636d9
[0m01:57:12.573488 [debug] [Thread-2 (]: SQL status: SUCCESS 1 in 1.494 seconds
[0m01:57:12.577953 [info ] [Thread-2 (]: 2 of 2 PASS not_null_int_retail__invoice_lines_quantity ........................ [[32mPASS[0m in 1.72s]
[0m01:57:12.580636 [debug] [Thread-2 (]: Finished running node test.retail.not_null_int_retail__invoice_lines_quantity.b03ac4060e
[0m01:57:12.591123 [debug] [MainThread]: Connection 'master' was properly closed.
[0m01:57:12.596121 [debug] [MainThread]: Connection 'test.retail.not_null_int_retail__invoice_lines_line_total.48f95636d9' was left open.
[0m01:57:12.598814 [debug] [MainThread]: On test.retail.not_null_int_retail__invoice_lines_line_total.48f95636d9: Close
[0m01:57:13.774520 [debug] [MainThread]: Connection 'test.retail.not_null_int_retail__invoice_lines_quantity.b03ac4060e' was left open.
[0m01:57:13.775864 [debug] [MainThread]: On test.retail.not_null_int_retail__invoice_lines_quantity.b03ac4060e: Close
[0m01:57:14.245901 [info ] [MainThread]: 
[0m01:57:14.248069 [info ] [MainThread]: Finished running 2 data tests in 0 hours 0 minutes and 5.69 seconds (5.69s).
[0m01:57:14.251419 [debug] [MainThread]: Command end result
[0m01:57:14.348819 [debug] [MainThread]: Wrote artifact WritableManifest to /usr/local/airflow/include/dbt/target/manifest.json
[0m01:57:14.361689 [debug] [MainThread]: Wrote artifact SemanticManifest to /usr/local/airflow/include/dbt/target/semantic_manifest.json
[0m01:57:14.376315 [debug] [MainThread]: Wrote artifact OsiDocument to /usr/local/airflow/include/dbt/target/osi_document.json
[0m01:57:14.391866 [debug] [MainThread]: Wrote artifact RunExecutionResult to /usr/local/airflow/include/dbt/target/run_results.json
[0m01:57:14.393545 [info ] [MainThread]: 
[0m01:57:14.395523 [info ] [MainThread]: [32mCompleted successfully[0m
[0m01:57:14.397508 [info ] [MainThread]: 
[0m01:57:14.399541 [info ] [MainThread]: Done. PASS=2 WARN=0 ERROR=0 SKIP=0 NO-OP=0 REUSED=0 TOTAL=2
[0m01:57:14.403280 [debug] [MainThread]: Resource report: {"command_name": "test", "command_success": true, "command_wall_clock_time": 10.487953, "process_in_blocks": "1685", "process_kernel_time": 1.356387, "process_mem_max_rss": "308432", "process_out_blocks": "24", "process_user_time": 8.089738}
[0m01:57:14.406131 [debug] [MainThread]: Command `dbt test` succeeded at 01:57:14.405683 after 10.49 seconds
[0m01:57:14.408787 [debug] [MainThread]: Sending event: {'category': 'dbt', 'action': 'invocation', 'label': 'end', 'context': [<snowplow_tracker.self_describing_json.SelfDescribingJson object at 0x7c90b1b4b050>, <snowplow_tracker.self_describing_json.SelfDescribingJson object at 0x7c90b195f5f0>, <snowplow_tracker.self_describing_json.SelfDescribingJson object at 0x7c90b195c940>]}
[0m01:57:14.412507 [debug] [MainThread]: Flushing usage events
[0m01:57:14.618702 [debug] [MainThread]: An error was encountered while trying to flush usage events
[0m02:03:04.231658 [debug] [MainThread]: Sending event: {'category': 'dbt', 'action': 'invocation', 'label': 'start', 'context': [<snowplow_tracker.self_describing_json.SelfDescribingJson object at 0x777468445fd0>, <snowplow_tracker.self_describing_json.SelfDescribingJson object at 0x77746a2f1bd0>, <snowplow_tracker.self_describing_json.SelfDescribingJson object at 0x777466d0f9d0>]}


============================== 02:03:04.247914 | b4617a42-77a3-4fce-b5ba-5bb3aaf05b39 ==============================
[0m02:03:04.247914 [info ] [MainThread]: Running with dbt=1.12.2
[0m02:03:04.250267 [debug] [MainThread]: running dbt with arguments {'log_path': '/usr/local/airflow/include/dbt/logs', 'target_path': 'None', 'partial_parse': 'True', 'send_anonymous_usage_stats': 'True', 'printer_width': '80', 'warn_error': 'None', 'version_check': 'True', 'log_format': 'default', 'fail_fast': 'False', 'quiet': 'False', 'introspect': 'True', 'debug': 'False', 'empty': 'False', 'use_colors': 'True', 'no_print': 'None', 'log_cache_events': 'False', 'maximum_seed_size_mib': '1', 'hints_enabled': 'True', 'static_parser': 'True', 'profiles_dir': '/usr/local/airflow/include/dbt/', 'cache_selected_only': 'False', 'indirect_selection': 'eager', 'invocation_command': 'dbt run --select marts --profiles-dir /usr/local/airflow/include/dbt/', 'warn_error_options': 'WarnErrorOptionsV2(error=[], warn=[], silence=[])', 'write_json': 'True', 'use_experimental_parser': 'False'}
[0m02:03:10.369281 [debug] [MainThread]: Snowflake adapter: Setting snowflake.connector to ERROR (file logging only)
[0m02:03:10.371938 [debug] [MainThread]: Snowflake adapter: Setting botocore to ERROR (file logging only)
[0m02:03:10.373666 [debug] [MainThread]: Snowflake adapter: Setting boto3 to ERROR (file logging only)
[0m02:03:10.923778 [debug] [MainThread]: Sending event: {'category': 'dbt', 'action': 'project_id', 'label': 'b4617a42-77a3-4fce-b5ba-5bb3aaf05b39', 'context': [<snowplow_tracker.self_describing_json.SelfDescribingJson object at 0x777441dd76f0>]}
[0m02:03:11.049761 [debug] [MainThread]: Sending event: {'category': 'dbt', 'action': 'adapter_info', 'label': 'b4617a42-77a3-4fce-b5ba-5bb3aaf05b39', 'context': [<snowplow_tracker.self_describing_json.SelfDescribingJson object at 0x777441c879b0>]}
[0m02:03:11.053930 [info ] [MainThread]: Registered adapter: snowflake=1.10.5
[0m02:03:11.336232 [debug] [MainThread]: checksum: cc35750ecde71b865d75821767eaac2efd404a8abed9e099166986ed39d3d5d9, vars: {}, profile: retail, target: dev, version: 1.12.2
[0m02:03:12.972609 [debug] [MainThread]: Partial parsing enabled: 0 files deleted, 0 files added, 3 files changed.
[0m02:03:12.975038 [debug] [MainThread]: Partial parsing: updated file: retail://models/marts/core/fct_invoices.sql
[0m02:03:12.977293 [debug] [MainThread]: Partial parsing: updated file: retail://models/marts/core/dim_product.sql
[0m02:03:12.978938 [debug] [MainThread]: Partial parsing: updated file: retail://models/marts/core/dim_customer.sql
[0m02:03:12.981141 [debug] [MainThread]: Partial parsing: updated file: retail://models/marts/core/dim_datetime.sql
[0m02:03:16.245463 [debug] [MainThread]: Sending event: {'category': 'dbt', 'action': 'load_project', 'label': 'b4617a42-77a3-4fce-b5ba-5bb3aaf05b39', 'context': [<snowplow_tracker.self_describing_json.SelfDescribingJson object at 0x777441612750>]}
[0m02:03:16.535063 [debug] [MainThread]: Wrote artifact WritableManifest to /usr/local/airflow/include/dbt/target/manifest.json
[0m02:03:16.553502 [debug] [MainThread]: Wrote artifact SemanticManifest to /usr/local/airflow/include/dbt/target/semantic_manifest.json
[0m02:03:16.736790 [debug] [MainThread]: Wrote artifact OsiDocument to /usr/local/airflow/include/dbt/target/osi_document.json
[0m02:03:16.872415 [debug] [MainThread]: Sending event: {'category': 'dbt', 'action': 'resource_counts', 'label': 'b4617a42-77a3-4fce-b5ba-5bb3aaf05b39', 'context': [<snowplow_tracker.self_describing_json.SelfDescribingJson object at 0x77744031e120>]}
[0m02:03:16.875544 [info ] [MainThread]: Found 7 models, 23 data tests, 2 sources, 634 macros
[0m02:03:16.878329 [debug] [MainThread]: Sending event: {'category': 'dbt', 'action': 'runnable_timing', 'label': 'b4617a42-77a3-4fce-b5ba-5bb3aaf05b39', 'context': [<snowplow_tracker.self_describing_json.SelfDescribingJson object at 0x777440314590>]}
[0m02:03:16.885512 [info ] [MainThread]: 
[0m02:03:16.891324 [info ] [MainThread]: Concurrency: 4 threads (target='dev')
[0m02:03:16.895746 [info ] [MainThread]: 
[0m02:03:16.908324 [debug] [MainThread]: Acquiring new snowflake connection 'master'
[0m02:03:16.929888 [debug] [ThreadPool]: Acquiring new snowflake connection 'list_RETAIL'
[0m02:03:17.259654 [debug] [ThreadPool]: Using snowflake connection "list_RETAIL"
[0m02:03:17.262411 [debug] [ThreadPool]: On list_RETAIL: show terse schemas in database RETAIL
    limit 10000
/* {"app": "dbt", "dbt_version": "1.12.2", "profile_name": "retail", "target_name": "dev", "connection_name": "list_RETAIL"} */
[0m02:03:17.264889 [debug] [ThreadPool]: Opening a new connection, currently in state init
[0m02:03:20.699267 [debug] [ThreadPool]: SQL status: SUCCESS 5 in 3.437 seconds
[0m02:03:20.715166 [debug] [ThreadPool]: Re-using an available connection from the pool (formerly list_RETAIL, now list_RETAIL_TRANSFORM)
[0m02:03:20.730155 [debug] [ThreadPool]: Using snowflake connection "list_RETAIL_TRANSFORM"
[0m02:03:20.731777 [debug] [ThreadPool]: On list_RETAIL_TRANSFORM: show objects in RETAIL.TRANSFORM
    limit 10000
    

/* {"app": "dbt", "dbt_version": "1.12.2", "profile_name": "retail", "target_name": "dev", "connection_name": "list_RETAIL_TRANSFORM"} */;
[0m02:03:21.305911 [debug] [ThreadPool]: SQL status: SUCCESS 3 in 0.572 seconds
[0m02:03:21.321827 [debug] [MainThread]: Sending event: {'category': 'dbt', 'action': 'runnable_timing', 'label': 'b4617a42-77a3-4fce-b5ba-5bb3aaf05b39', 'context': [<snowplow_tracker.self_describing_json.SelfDescribingJson object at 0x77743b379bf0>]}
[0m02:03:21.362993 [debug] [Thread-1 (]: Began running node model.retail.dim_customer
[0m02:03:21.370861 [debug] [Thread-2 (]: Began running node model.retail.dim_datetime
[0m02:03:21.370091 [info ] [Thread-1 (]: 1 of 4 START sql table model TRANSFORM.dim_customer ............................ [RUN]
[0m02:03:21.364598 [debug] [Thread-3 (]: Began running node model.retail.dim_product
[0m02:03:21.373197 [info ] [Thread-2 (]: 2 of 4 START sql table model TRANSFORM.dim_datetime ............................ [RUN]
[0m02:03:21.374963 [debug] [Thread-1 (]: Re-using an available connection from the pool (formerly list_RETAIL_TRANSFORM, now model.retail.dim_customer)
[0m02:03:21.377195 [info ] [Thread-3 (]: 3 of 4 START sql table model TRANSFORM.dim_product ............................. [RUN]
[0m02:03:21.380055 [debug] [Thread-2 (]: Acquiring new snowflake connection 'model.retail.dim_datetime'
[0m02:03:21.382426 [debug] [Thread-1 (]: Began compiling node model.retail.dim_customer
[0m02:03:21.385613 [debug] [Thread-3 (]: Acquiring new snowflake connection 'model.retail.dim_product'
[0m02:03:21.388872 [debug] [Thread-2 (]: Began compiling node model.retail.dim_datetime
[0m02:03:21.402529 [debug] [Thread-3 (]: Began compiling node model.retail.dim_product
[0m02:03:21.597584 [debug] [Thread-2 (]: Writing injected SQL for node "model.retail.dim_datetime"
[0m02:03:21.594541 [debug] [Thread-1 (]: Writing injected SQL for node "model.retail.dim_customer"
[0m02:03:21.624615 [debug] [Thread-3 (]: Writing injected SQL for node "model.retail.dim_product"
[0m02:03:21.680287 [debug] [Thread-3 (]: Began executing node model.retail.dim_product
[0m02:03:21.721838 [debug] [Thread-2 (]: Began executing node model.retail.dim_datetime
[0m02:03:21.740459 [debug] [Thread-1 (]: Began executing node model.retail.dim_customer
[0m02:03:21.779118 [debug] [Thread-2 (]: Writing runtime sql for node "model.retail.dim_datetime"
[0m02:03:21.800770 [debug] [Thread-3 (]: Writing runtime sql for node "model.retail.dim_product"
[0m02:03:21.801613 [debug] [Thread-1 (]: Writing runtime sql for node "model.retail.dim_customer"
[0m02:03:21.854377 [debug] [Thread-1 (]: Using snowflake connection "model.retail.dim_customer"
[0m02:03:21.860797 [debug] [Thread-1 (]: On model.retail.dim_customer: create or replace transient table RETAIL.TRANSFORM.dim_customer
    
    
    
    as (-- dim_customer.sql
with customers as (
    select distinct
        customer_id,
        country
    from RETAIL.TRANSFORM.int_retail__invoice_lines
    where customer_id is not null
),

country as (
    select * from RETAIL.TRANSFORM.stg_retail__country
)

select
    md5(cast(coalesce(cast(customers.customer_id as TEXT), '_dbt_utils_surrogate_key_null_') || '-' || coalesce(cast(customers.country as TEXT), '_dbt_utils_surrogate_key_null_') as TEXT)) as customer_key,
    customers.customer_id,
    customers.country,
    country.iso
from customers
left join country
    on upper(customers.country) = upper(country.country_name)
    )

/* {"app": "dbt", "dbt_version": "1.12.2", "profile_name": "retail", "target_name": "dev", "node_id": "model.retail.dim_customer"} */;
[0m02:03:21.860056 [debug] [Thread-3 (]: Using snowflake connection "model.retail.dim_product"
[0m02:03:21.865480 [debug] [Thread-3 (]: On model.retail.dim_product: create or replace transient table RETAIL.TRANSFORM.dim_product
    
    
    
    as (-- dim_product.sql
with products as (
    select distinct
        stock_code,
        description,
        unit_price
    from RETAIL.TRANSFORM.int_retail__invoice_lines
    where stock_code is not null
      and unit_price > 0
)

select
    md5(cast(coalesce(cast(stock_code as TEXT), '_dbt_utils_surrogate_key_null_') || '-' || coalesce(cast(description as TEXT), '_dbt_utils_surrogate_key_null_') || '-' || coalesce(cast(unit_price as TEXT), '_dbt_utils_surrogate_key_null_') as TEXT)) as product_key,
    stock_code,
    description,
    unit_price as price
from products
    )

/* {"app": "dbt", "dbt_version": "1.12.2", "profile_name": "retail", "target_name": "dev", "node_id": "model.retail.dim_product"} */;
[0m02:03:21.869814 [debug] [Thread-3 (]: Opening a new connection, currently in state init
[0m02:03:21.868665 [debug] [Thread-2 (]: Using snowflake connection "model.retail.dim_datetime"
[0m02:03:21.874459 [debug] [Thread-2 (]: On model.retail.dim_datetime: create or replace transient table RETAIL.TRANSFORM.dim_datetime
    
    
    
    as (-- dim_datetime.sql
with dates as (
    select distinct invoice_datetime
    from RETAIL.TRANSFORM.int_retail__invoice_lines
    where invoice_datetime is not null
)

select
    invoice_datetime            as datetime_id,
    invoice_datetime            as datetime,
    year(invoice_datetime)      as year,
    month(invoice_datetime)     as month,
    day(invoice_datetime)       as day,
    hour(invoice_datetime)      as hour,
    minute(invoice_datetime)    as minute,
    dayofweek(invoice_datetime) as weekday
from dates
    )

/* {"app": "dbt", "dbt_version": "1.12.2", "profile_name": "retail", "target_name": "dev", "node_id": "model.retail.dim_datetime"} */;
[0m02:03:21.876360 [debug] [Thread-2 (]: Opening a new connection, currently in state init
[0m02:03:23.648747 [debug] [Thread-1 (]: SQL status: SUCCESS 1 in 1.786 seconds
[0m02:03:23.688481 [debug] [Thread-1 (]: Sending event: {'category': 'dbt', 'action': 'run_model', 'label': 'b4617a42-77a3-4fce-b5ba-5bb3aaf05b39', 'context': [<snowplow_tracker.self_describing_json.SelfDescribingJson object at 0x77743b281190>]}
[0m02:03:23.691693 [info ] [Thread-1 (]: 1 of 4 OK created sql table model TRANSFORM.dim_customer ....................... [[32mSUCCESS 1[0m in 2.31s]
[0m02:03:23.695840 [debug] [Thread-1 (]: Finished running node model.retail.dim_customer
[0m02:03:24.238279 [debug] [Thread-3 (]: SQL status: SUCCESS 1 in 2.368 seconds
[0m02:03:24.245866 [debug] [Thread-3 (]: Sending event: {'category': 'dbt', 'action': 'run_model', 'label': 'b4617a42-77a3-4fce-b5ba-5bb3aaf05b39', 'context': [<snowplow_tracker.self_describing_json.SelfDescribingJson object at 0x77744134bb70>]}
[0m02:03:24.249952 [info ] [Thread-3 (]: 3 of 4 OK created sql table model TRANSFORM.dim_product ........................ [[32mSUCCESS 1[0m in 2.86s]
[0m02:03:24.254146 [debug] [Thread-3 (]: Finished running node model.retail.dim_product
[0m02:03:25.056366 [debug] [Thread-2 (]: SQL status: SUCCESS 1 in 3.180 seconds
[0m02:03:25.062191 [debug] [Thread-2 (]: Sending event: {'category': 'dbt', 'action': 'run_model', 'label': 'b4617a42-77a3-4fce-b5ba-5bb3aaf05b39', 'context': [<snowplow_tracker.self_describing_json.SelfDescribingJson object at 0x77743b22cff0>]}
[0m02:03:25.065938 [info ] [Thread-2 (]: 2 of 4 OK created sql table model TRANSFORM.dim_datetime ....................... [[32mSUCCESS 1[0m in 3.68s]
[0m02:03:25.070305 [debug] [Thread-2 (]: Finished running node model.retail.dim_datetime
[0m02:03:25.076730 [debug] [Thread-4 (]: Began running node model.retail.fct_invoices
[0m02:03:25.082470 [info ] [Thread-4 (]: 4 of 4 START sql table model TRANSFORM.fct_invoices ............................ [RUN]
[0m02:03:25.086116 [debug] [Thread-4 (]: Acquiring new snowflake connection 'model.retail.fct_invoices'
[0m02:03:25.090973 [debug] [Thread-4 (]: Began compiling node model.retail.fct_invoices
[0m02:03:25.118610 [debug] [Thread-4 (]: Writing injected SQL for node "model.retail.fct_invoices"
[0m02:03:25.153107 [debug] [Thread-4 (]: Began executing node model.retail.fct_invoices
[0m02:03:25.165698 [debug] [Thread-4 (]: Writing runtime sql for node "model.retail.fct_invoices"
[0m02:03:25.193649 [debug] [Thread-4 (]: Using snowflake connection "model.retail.fct_invoices"
[0m02:03:25.195948 [debug] [Thread-4 (]: On model.retail.fct_invoices: create or replace transient table RETAIL.TRANSFORM.fct_invoices
    
    
    
    as (-- fct_invoices.sql
with lines as (
    select * from RETAIL.TRANSFORM.int_retail__invoice_lines
),

customer_dim as (
    select * from RETAIL.TRANSFORM.dim_customer
),

product_dim as (
    select * from RETAIL.TRANSFORM.dim_product
),

datetime_dim as (
    select * from RETAIL.TRANSFORM.dim_datetime
)

select
    lines.invoice_no,
    datetime_dim.datetime_id,
    product_dim.product_key,
    customer_dim.customer_key,
    lines.quantity,
    lines.line_total as total
from lines
inner join datetime_dim
    on lines.invoice_datetime = datetime_dim.datetime_id
inner join product_dim
    on lines.stock_code = product_dim.stock_code
    and lines.description = product_dim.description
    and lines.unit_price = product_dim.price
inner join customer_dim
    on lines.customer_id = customer_dim.customer_id
    and lines.country = customer_dim.country
    )

/* {"app": "dbt", "dbt_version": "1.12.2", "profile_name": "retail", "target_name": "dev", "node_id": "model.retail.fct_invoices"} */;
[0m02:03:25.197886 [debug] [Thread-4 (]: Opening a new connection, currently in state init
[0m02:03:29.080609 [debug] [Thread-4 (]: SQL status: SUCCESS 1 in 3.882 seconds
[0m02:03:29.091102 [debug] [Thread-4 (]: Sending event: {'category': 'dbt', 'action': 'run_model', 'label': 'b4617a42-77a3-4fce-b5ba-5bb3aaf05b39', 'context': [<snowplow_tracker.self_describing_json.SelfDescribingJson object at 0x777441354d50>]}
[0m02:03:29.095454 [info ] [Thread-4 (]: 4 of 4 OK created sql table model TRANSFORM.fct_invoices ....................... [[32mSUCCESS 1[0m in 4.01s]
[0m02:03:29.099758 [debug] [Thread-4 (]: Finished running node model.retail.fct_invoices
[0m02:03:29.111111 [debug] [MainThread]: Connection 'master' was properly closed.
[0m02:03:29.112797 [debug] [MainThread]: Connection 'model.retail.dim_customer' was left open.
[0m02:03:29.114332 [debug] [MainThread]: On model.retail.dim_customer: Close
[0m02:03:29.581247 [debug] [MainThread]: Connection 'model.retail.dim_datetime' was left open.
[0m02:03:29.584348 [debug] [MainThread]: On model.retail.dim_datetime: Close
[0m02:03:30.134363 [debug] [MainThread]: Connection 'model.retail.dim_product' was left open.
[0m02:03:30.136620 [debug] [MainThread]: On model.retail.dim_product: Close
[0m02:03:30.594048 [debug] [MainThread]: Connection 'model.retail.fct_invoices' was left open.
[0m02:03:30.595953 [debug] [MainThread]: On model.retail.fct_invoices: Close
[0m02:03:31.039593 [info ] [MainThread]: 
[0m02:03:31.041490 [info ] [MainThread]: Finished running 4 table models in 0 hours 0 minutes and 14.13 seconds (14.13s).
[0m02:03:31.044910 [debug] [MainThread]: Command end result
[0m02:03:31.185779 [debug] [MainThread]: Wrote artifact WritableManifest to /usr/local/airflow/include/dbt/target/manifest.json
[0m02:03:31.203285 [debug] [MainThread]: Wrote artifact SemanticManifest to /usr/local/airflow/include/dbt/target/semantic_manifest.json
[0m02:03:31.268070 [debug] [MainThread]: Wrote artifact OsiDocument to /usr/local/airflow/include/dbt/target/osi_document.json
[0m02:03:31.293116 [debug] [MainThread]: Wrote artifact RunExecutionResult to /usr/local/airflow/include/dbt/target/run_results.json
[0m02:03:31.294683 [info ] [MainThread]: 
[0m02:03:31.295980 [info ] [MainThread]: [32mCompleted successfully[0m
[0m02:03:31.297641 [info ] [MainThread]: 
[0m02:03:31.299261 [info ] [MainThread]: Done. PASS=4 WARN=0 ERROR=0 SKIP=0 NO-OP=0 REUSED=0 TOTAL=4
[0m02:03:31.301868 [debug] [MainThread]: Resource report: {"command_name": "run", "command_success": true, "command_wall_clock_time": 27.370539, "process_in_blocks": "2021", "process_kernel_time": 14.958413, "process_mem_max_rss": "289924", "process_out_blocks": "24", "process_user_time": 15.545017}
[0m02:03:31.303746 [debug] [MainThread]: Command `dbt run` succeeded at 02:03:31.303498 after 27.37 seconds
[0m02:03:31.305816 [debug] [MainThread]: Sending event: {'category': 'dbt', 'action': 'invocation', 'label': 'end', 'context': [<snowplow_tracker.self_describing_json.SelfDescribingJson object at 0x777466f087c0>, <snowplow_tracker.self_describing_json.SelfDescribingJson object at 0x7774675f4c20>, <snowplow_tracker.self_describing_json.SelfDescribingJson object at 0x7774418e0b90>]}
[0m02:03:31.308596 [debug] [MainThread]: Flushing usage events
[0m02:03:31.533537 [debug] [MainThread]: An error was encountered while trying to flush usage events
[0m02:03:41.505898 [debug] [MainThread]: Sending event: {'category': 'dbt', 'action': 'invocation', 'label': 'start', 'context': [<snowplow_tracker.self_describing_json.SelfDescribingJson object at 0x75ec29bd9fd0>, <snowplow_tracker.self_describing_json.SelfDescribingJson object at 0x75ec2ba81bd0>, <snowplow_tracker.self_describing_json.SelfDescribingJson object at 0x75ec27a3f9d0>]}


============================== 02:03:41.511484 | 1fff5059-598c-4b18-a0a8-e01b27b54e64 ==============================
[0m02:03:41.511484 [info ] [MainThread]: Running with dbt=1.12.2
[0m02:03:41.513365 [debug] [MainThread]: running dbt with arguments {'cache_selected_only': 'False', 'log_path': '/usr/local/airflow/include/dbt/logs', 'hints_enabled': 'True', 'target_path': 'None', 'write_json': 'True', 'fail_fast': 'False', 'use_colors': 'True', 'partial_parse': 'True', 'invocation_command': 'dbt test --select marts --profiles-dir /usr/local/airflow/include/dbt/', 'debug': 'False', 'warn_error': 'None', 'empty': 'None', 'printer_width': '80', 'send_anonymous_usage_stats': 'True', 'indirect_selection': 'eager', 'warn_error_options': 'WarnErrorOptionsV2(error=[], warn=[], silence=[])', 'quiet': 'False', 'maximum_seed_size_mib': '1', 'no_print': 'None', 'log_cache_events': 'False', 'use_experimental_parser': 'False', 'version_check': 'True', 'static_parser': 'True', 'log_format': 'default', 'profiles_dir': '/usr/local/airflow/include/dbt/', 'introspect': 'True'}
[0m02:03:44.604004 [debug] [MainThread]: Snowflake adapter: Setting snowflake.connector to ERROR (file logging only)
[0m02:03:44.605826 [debug] [MainThread]: Snowflake adapter: Setting botocore to ERROR (file logging only)
[0m02:03:44.607587 [debug] [MainThread]: Snowflake adapter: Setting boto3 to ERROR (file logging only)
[0m02:03:44.880550 [debug] [MainThread]: Sending event: {'category': 'dbt', 'action': 'project_id', 'label': '1fff5059-598c-4b18-a0a8-e01b27b54e64', 'context': [<snowplow_tracker.self_describing_json.SelfDescribingJson object at 0x75ec034c36f0>]}
[0m02:03:44.973387 [debug] [MainThread]: Sending event: {'category': 'dbt', 'action': 'adapter_info', 'label': '1fff5059-598c-4b18-a0a8-e01b27b54e64', 'context': [<snowplow_tracker.self_describing_json.SelfDescribingJson object at 0x75ec033479b0>]}
[0m02:03:44.976180 [info ] [MainThread]: Registered adapter: snowflake=1.10.5
[0m02:03:45.187344 [debug] [MainThread]: checksum: cc35750ecde71b865d75821767eaac2efd404a8abed9e099166986ed39d3d5d9, vars: {}, profile: retail, target: dev, version: 1.12.2
[0m02:03:46.948886 [debug] [MainThread]: Partial parsing enabled: 0 files deleted, 0 files added, 0 files changed.
[0m02:03:46.950254 [debug] [MainThread]: Nothing changed, skipping partial parsing.
[0m02:03:46.951442 [debug] [MainThread]: Partial parsing enabled, no changes found, skipping parsing
[0m02:03:46.963531 [debug] [MainThread]: Sending event: {'category': 'dbt', 'action': 'load_project', 'label': '1fff5059-598c-4b18-a0a8-e01b27b54e64', 'context': [<snowplow_tracker.self_describing_json.SelfDescribingJson object at 0x75ec02d51e50>]}
[0m02:03:47.164049 [debug] [MainThread]: Wrote artifact WritableManifest to /usr/local/airflow/include/dbt/target/manifest.json
[0m02:03:47.173763 [debug] [MainThread]: Wrote artifact SemanticManifest to /usr/local/airflow/include/dbt/target/semantic_manifest.json
[0m02:03:47.220536 [debug] [MainThread]: Wrote artifact OsiDocument to /usr/local/airflow/include/dbt/target/osi_document.json
[0m02:03:48.459180 [debug] [MainThread]: Sending event: {'category': 'dbt', 'action': 'resource_counts', 'label': '1fff5059-598c-4b18-a0a8-e01b27b54e64', 'context': [<snowplow_tracker.self_describing_json.SelfDescribingJson object at 0x75ec02cefb60>]}
[0m02:03:48.461925 [info ] [MainThread]: Found 7 models, 23 data tests, 2 sources, 634 macros
[0m02:03:48.465618 [debug] [MainThread]: Sending event: {'category': 'dbt', 'action': 'runnable_timing', 'label': '1fff5059-598c-4b18-a0a8-e01b27b54e64', 'context': [<snowplow_tracker.self_describing_json.SelfDescribingJson object at 0x75ec02b97150>]}
[0m02:03:48.475123 [info ] [MainThread]: 
[0m02:03:48.477667 [info ] [MainThread]: Concurrency: 4 threads (target='dev')
[0m02:03:48.481610 [info ] [MainThread]: 
[0m02:03:48.484264 [debug] [MainThread]: Acquiring new snowflake connection 'master'
[0m02:03:48.499901 [debug] [ThreadPool]: Acquiring new snowflake connection 'list_RETAIL_TRANSFORM'
[0m02:03:48.614809 [debug] [ThreadPool]: Using snowflake connection "list_RETAIL_TRANSFORM"
[0m02:03:48.616172 [debug] [ThreadPool]: On list_RETAIL_TRANSFORM: show objects in RETAIL.TRANSFORM
    limit 10000
    

/* {"app": "dbt", "dbt_version": "1.12.2", "profile_name": "retail", "target_name": "dev", "connection_name": "list_RETAIL_TRANSFORM"} */;
[0m02:03:48.617738 [debug] [ThreadPool]: Opening a new connection, currently in state init
[0m02:03:50.698461 [debug] [ThreadPool]: SQL status: SUCCESS 7 in 2.081 seconds
[0m02:03:50.711052 [debug] [MainThread]: Sending event: {'category': 'dbt', 'action': 'runnable_timing', 'label': '1fff5059-598c-4b18-a0a8-e01b27b54e64', 'context': [<snowplow_tracker.self_describing_json.SelfDescribingJson object at 0x75ec02999b20>]}
[0m02:03:50.736233 [debug] [Thread-2 (]: Began running node test.retail.not_null_dim_datetime_datetime_id.d0f57ddc2d
[0m02:03:50.737200 [debug] [Thread-1 (]: Began running node test.retail.not_null_dim_customer_customer_key.c289fe4d1f
[0m02:03:50.738680 [debug] [Thread-4 (]: Began running node test.retail.not_null_fct_invoices_customer_key.9035c7906c
[0m02:03:50.740425 [debug] [Thread-3 (]: Began running node test.retail.not_null_dim_product_product_key.f0e1d838d3
[0m02:03:50.741896 [info ] [Thread-2 (]: 2 of 13 START test not_null_dim_datetime_datetime_id ........................... [RUN]
[0m02:03:50.744207 [info ] [Thread-1 (]: 1 of 13 START test not_null_dim_customer_customer_key .......................... [RUN]
[0m02:03:50.747197 [info ] [Thread-4 (]: 4 of 13 START test not_null_fct_invoices_customer_key .......................... [RUN]
[0m02:03:50.749810 [info ] [Thread-3 (]: 3 of 13 START test not_null_dim_product_product_key ............................ [RUN]
[0m02:03:50.752650 [debug] [Thread-2 (]: Acquiring new snowflake connection 'test.retail.not_null_dim_datetime_datetime_id.d0f57ddc2d'
[0m02:03:50.755198 [debug] [Thread-1 (]: Re-using an available connection from the pool (formerly list_RETAIL_TRANSFORM, now test.retail.not_null_dim_customer_customer_key.c289fe4d1f)
[0m02:03:50.758455 [debug] [Thread-4 (]: Acquiring new snowflake connection 'test.retail.not_null_fct_invoices_customer_key.9035c7906c'
[0m02:03:50.764111 [debug] [Thread-3 (]: Acquiring new snowflake connection 'test.retail.not_null_dim_product_product_key.f0e1d838d3'
[0m02:03:50.765973 [debug] [Thread-2 (]: Began compiling node test.retail.not_null_dim_datetime_datetime_id.d0f57ddc2d
[0m02:03:50.768163 [debug] [Thread-1 (]: Began compiling node test.retail.not_null_dim_customer_customer_key.c289fe4d1f
[0m02:03:50.770272 [debug] [Thread-4 (]: Began compiling node test.retail.not_null_fct_invoices_customer_key.9035c7906c
[0m02:03:50.773875 [debug] [Thread-3 (]: Began compiling node test.retail.not_null_dim_product_product_key.f0e1d838d3
[0m02:03:50.882361 [debug] [Thread-1 (]: Writing injected SQL for node "test.retail.not_null_dim_customer_customer_key.c289fe4d1f"
[0m02:03:50.885323 [debug] [Thread-4 (]: Writing injected SQL for node "test.retail.not_null_fct_invoices_customer_key.9035c7906c"
[0m02:03:50.888998 [debug] [Thread-2 (]: Writing injected SQL for node "test.retail.not_null_dim_datetime_datetime_id.d0f57ddc2d"
[0m02:03:50.906485 [debug] [Thread-3 (]: Writing injected SQL for node "test.retail.not_null_dim_product_product_key.f0e1d838d3"
[0m02:03:50.948105 [debug] [Thread-4 (]: Began executing node test.retail.not_null_fct_invoices_customer_key.9035c7906c
[0m02:03:50.973282 [debug] [Thread-2 (]: Began executing node test.retail.not_null_dim_datetime_datetime_id.d0f57ddc2d
[0m02:03:50.992052 [debug] [Thread-3 (]: Began executing node test.retail.not_null_dim_product_product_key.f0e1d838d3
[0m02:03:51.001798 [debug] [Thread-2 (]: Writing runtime sql for node "test.retail.not_null_dim_datetime_datetime_id.d0f57ddc2d"
[0m02:03:51.003767 [debug] [Thread-3 (]: Writing runtime sql for node "test.retail.not_null_dim_product_product_key.f0e1d838d3"
[0m02:03:51.007043 [debug] [Thread-4 (]: Writing runtime sql for node "test.retail.not_null_fct_invoices_customer_key.9035c7906c"
[0m02:03:50.993246 [debug] [Thread-1 (]: Began executing node test.retail.not_null_dim_customer_customer_key.c289fe4d1f
[0m02:03:51.018535 [debug] [Thread-1 (]: Writing runtime sql for node "test.retail.not_null_dim_customer_customer_key.c289fe4d1f"
[0m02:03:51.043402 [debug] [Thread-1 (]: Using snowflake connection "test.retail.not_null_dim_customer_customer_key.c289fe4d1f"
[0m02:03:51.045054 [debug] [Thread-1 (]: On test.retail.not_null_dim_customer_customer_key.c289fe4d1f: select
      count(*) as failures,
      count(*) != 0 as should_warn,
      count(*) != 0 as should_error
    from (
      
    
  
    
    



select customer_key
from RETAIL.TRANSFORM.dim_customer
where customer_key is null



  
  
      
    ) dbt_internal_test
/* {"app": "dbt", "dbt_version": "1.12.2", "profile_name": "retail", "target_name": "dev", "node_id": "test.retail.not_null_dim_customer_customer_key.c289fe4d1f"} */
[0m02:03:51.050665 [debug] [Thread-2 (]: Using snowflake connection "test.retail.not_null_dim_datetime_datetime_id.d0f57ddc2d"
[0m02:03:51.052680 [debug] [Thread-2 (]: On test.retail.not_null_dim_datetime_datetime_id.d0f57ddc2d: select
      count(*) as failures,
      count(*) != 0 as should_warn,
      count(*) != 0 as should_error
    from (
      
    
  
    
    



select datetime_id
from RETAIL.TRANSFORM.dim_datetime
where datetime_id is null



  
  
      
    ) dbt_internal_test
/* {"app": "dbt", "dbt_version": "1.12.2", "profile_name": "retail", "target_name": "dev", "node_id": "test.retail.not_null_dim_datetime_datetime_id.d0f57ddc2d"} */
[0m02:03:51.055682 [debug] [Thread-2 (]: Opening a new connection, currently in state init
[0m02:03:51.060572 [debug] [Thread-4 (]: Using snowflake connection "test.retail.not_null_fct_invoices_customer_key.9035c7906c"
[0m02:03:51.063105 [debug] [Thread-4 (]: On test.retail.not_null_fct_invoices_customer_key.9035c7906c: select
      count(*) as failures,
      count(*) != 0 as should_warn,
      count(*) != 0 as should_error
    from (
      
    
  
    
    



select customer_key
from RETAIL.TRANSFORM.fct_invoices
where customer_key is null



  
  
      
    ) dbt_internal_test
/* {"app": "dbt", "dbt_version": "1.12.2", "profile_name": "retail", "target_name": "dev", "node_id": "test.retail.not_null_fct_invoices_customer_key.9035c7906c"} */
[0m02:03:51.066230 [debug] [Thread-4 (]: Opening a new connection, currently in state init
[0m02:03:51.092040 [debug] [Thread-3 (]: Using snowflake connection "test.retail.not_null_dim_product_product_key.f0e1d838d3"
[0m02:03:51.095923 [debug] [Thread-3 (]: On test.retail.not_null_dim_product_product_key.f0e1d838d3: select
      count(*) as failures,
      count(*) != 0 as should_warn,
      count(*) != 0 as should_error
    from (
      
    
  
    
    



select product_key
from RETAIL.TRANSFORM.dim_product
where product_key is null



  
  
      
    ) dbt_internal_test
/* {"app": "dbt", "dbt_version": "1.12.2", "profile_name": "retail", "target_name": "dev", "node_id": "test.retail.not_null_dim_product_product_key.f0e1d838d3"} */
[0m02:03:51.103743 [debug] [Thread-3 (]: Opening a new connection, currently in state init
[0m02:03:51.406435 [debug] [Thread-1 (]: SQL status: SUCCESS 1 in 0.359 seconds
[0m02:03:51.432213 [info ] [Thread-1 (]: 1 of 13 PASS not_null_dim_customer_customer_key ................................ [[32mPASS[0m in 0.68s]
[0m02:03:51.434317 [debug] [Thread-1 (]: Finished running node test.retail.not_null_dim_customer_customer_key.c289fe4d1f
[0m02:03:51.435839 [debug] [Thread-1 (]: Began running node test.retail.not_null_fct_invoices_datetime_id.e2e0365054
[0m02:03:51.437321 [info ] [Thread-1 (]: 5 of 13 START test not_null_fct_invoices_datetime_id ........................... [RUN]
[0m02:03:51.440330 [debug] [Thread-1 (]: Re-using an available connection from the pool (formerly test.retail.not_null_dim_customer_customer_key.c289fe4d1f, now test.retail.not_null_fct_invoices_datetime_id.e2e0365054)
[0m02:03:51.442253 [debug] [Thread-1 (]: Began compiling node test.retail.not_null_fct_invoices_datetime_id.e2e0365054
[0m02:03:51.451674 [debug] [Thread-1 (]: Writing injected SQL for node "test.retail.not_null_fct_invoices_datetime_id.e2e0365054"
[0m02:03:51.484723 [debug] [Thread-1 (]: Began executing node test.retail.not_null_fct_invoices_datetime_id.e2e0365054
[0m02:03:51.509008 [debug] [Thread-1 (]: Writing runtime sql for node "test.retail.not_null_fct_invoices_datetime_id.e2e0365054"
[0m02:03:51.541240 [debug] [Thread-1 (]: Using snowflake connection "test.retail.not_null_fct_invoices_datetime_id.e2e0365054"
[0m02:03:51.543474 [debug] [Thread-1 (]: On test.retail.not_null_fct_invoices_datetime_id.e2e0365054: select
      count(*) as failures,
      count(*) != 0 as should_warn,
      count(*) != 0 as should_error
    from (
      
    
  
    
    



select datetime_id
from RETAIL.TRANSFORM.fct_invoices
where datetime_id is null



  
  
      
    ) dbt_internal_test
/* {"app": "dbt", "dbt_version": "1.12.2", "profile_name": "retail", "target_name": "dev", "node_id": "test.retail.not_null_fct_invoices_datetime_id.e2e0365054"} */
[0m02:03:51.930300 [debug] [Thread-1 (]: SQL status: SUCCESS 1 in 0.385 seconds
[0m02:03:51.933761 [info ] [Thread-1 (]: 5 of 13 PASS not_null_fct_invoices_datetime_id ................................. [[32mPASS[0m in 0.49s]
[0m02:03:51.936008 [debug] [Thread-1 (]: Finished running node test.retail.not_null_fct_invoices_datetime_id.e2e0365054
[0m02:03:51.937621 [debug] [Thread-1 (]: Began running node test.retail.not_null_fct_invoices_product_key.79c88324eb
[0m02:03:51.939180 [info ] [Thread-1 (]: 6 of 13 START test not_null_fct_invoices_product_key ........................... [RUN]
[0m02:03:51.940823 [debug] [Thread-1 (]: Re-using an available connection from the pool (formerly test.retail.not_null_fct_invoices_datetime_id.e2e0365054, now test.retail.not_null_fct_invoices_product_key.79c88324eb)
[0m02:03:51.942850 [debug] [Thread-1 (]: Began compiling node test.retail.not_null_fct_invoices_product_key.79c88324eb
[0m02:03:51.952212 [debug] [Thread-1 (]: Writing injected SQL for node "test.retail.not_null_fct_invoices_product_key.79c88324eb"
[0m02:03:51.982651 [debug] [Thread-1 (]: Began executing node test.retail.not_null_fct_invoices_product_key.79c88324eb
[0m02:03:51.986167 [debug] [Thread-1 (]: Writing runtime sql for node "test.retail.not_null_fct_invoices_product_key.79c88324eb"
[0m02:03:52.002845 [debug] [Thread-1 (]: Using snowflake connection "test.retail.not_null_fct_invoices_product_key.79c88324eb"
[0m02:03:52.004760 [debug] [Thread-1 (]: On test.retail.not_null_fct_invoices_product_key.79c88324eb: select
      count(*) as failures,
      count(*) != 0 as should_warn,
      count(*) != 0 as should_error
    from (
      
    
  
    
    



select product_key
from RETAIL.TRANSFORM.fct_invoices
where product_key is null



  
  
      
    ) dbt_internal_test
/* {"app": "dbt", "dbt_version": "1.12.2", "profile_name": "retail", "target_name": "dev", "node_id": "test.retail.not_null_fct_invoices_product_key.79c88324eb"} */
[0m02:03:52.337112 [debug] [Thread-1 (]: SQL status: SUCCESS 1 in 0.331 seconds
[0m02:03:52.340616 [info ] [Thread-1 (]: 6 of 13 PASS not_null_fct_invoices_product_key ................................. [[32mPASS[0m in 0.40s]
[0m02:03:52.342661 [debug] [Thread-1 (]: Finished running node test.retail.not_null_fct_invoices_product_key.79c88324eb
[0m02:03:52.344085 [debug] [Thread-1 (]: Began running node test.retail.not_null_fct_invoices_total.720a273978
[0m02:03:52.345448 [info ] [Thread-1 (]: 7 of 13 START test not_null_fct_invoices_total ................................. [RUN]
[0m02:03:52.347111 [debug] [Thread-1 (]: Re-using an available connection from the pool (formerly test.retail.not_null_fct_invoices_product_key.79c88324eb, now test.retail.not_null_fct_invoices_total.720a273978)
[0m02:03:52.348511 [debug] [Thread-1 (]: Began compiling node test.retail.not_null_fct_invoices_total.720a273978
[0m02:03:52.360973 [debug] [Thread-1 (]: Writing injected SQL for node "test.retail.not_null_fct_invoices_total.720a273978"
[0m02:03:52.384820 [debug] [Thread-1 (]: Began executing node test.retail.not_null_fct_invoices_total.720a273978
[0m02:03:52.388130 [debug] [Thread-1 (]: Writing runtime sql for node "test.retail.not_null_fct_invoices_total.720a273978"
[0m02:03:52.400647 [debug] [Thread-1 (]: Using snowflake connection "test.retail.not_null_fct_invoices_total.720a273978"
[0m02:03:52.402108 [debug] [Thread-1 (]: On test.retail.not_null_fct_invoices_total.720a273978: select
      count(*) as failures,
      count(*) != 0 as should_warn,
      count(*) != 0 as should_error
    from (
      
    
  
    
    



select total
from RETAIL.TRANSFORM.fct_invoices
where total is null



  
  
      
    ) dbt_internal_test
/* {"app": "dbt", "dbt_version": "1.12.2", "profile_name": "retail", "target_name": "dev", "node_id": "test.retail.not_null_fct_invoices_total.720a273978"} */
[0m02:03:52.453725 [debug] [Thread-4 (]: SQL status: SUCCESS 1 in 1.388 seconds
[0m02:03:52.461551 [info ] [Thread-4 (]: 4 of 13 PASS not_null_fct_invoices_customer_key ................................ [[32mPASS[0m in 1.70s]
[0m02:03:52.463737 [debug] [Thread-4 (]: Finished running node test.retail.not_null_fct_invoices_customer_key.9035c7906c
[0m02:03:52.465407 [debug] [Thread-4 (]: Began running node test.retail.relationships_fct_invoices_customer_key__customer_key__ref_dim_customer_.4480a200c4
[0m02:03:52.466902 [info ] [Thread-4 (]: 8 of 13 START test relationships_fct_invoices_customer_key__customer_key__ref_dim_customer_  [RUN]
[0m02:03:52.468997 [debug] [Thread-4 (]: Re-using an available connection from the pool (formerly test.retail.not_null_fct_invoices_customer_key.9035c7906c, now test.retail.relationships_fct_invoices_customer_key__customer_key__ref_dim_customer_.4480a200c4)
[0m02:03:52.471585 [debug] [Thread-4 (]: Began compiling node test.retail.relationships_fct_invoices_customer_key__customer_key__ref_dim_customer_.4480a200c4
[0m02:03:52.491871 [debug] [Thread-4 (]: Writing injected SQL for node "test.retail.relationships_fct_invoices_customer_key__customer_key__ref_dim_customer_.4480a200c4"
[0m02:03:52.508363 [debug] [Thread-4 (]: Began executing node test.retail.relationships_fct_invoices_customer_key__customer_key__ref_dim_customer_.4480a200c4
[0m02:03:52.511548 [debug] [Thread-4 (]: Writing runtime sql for node "test.retail.relationships_fct_invoices_customer_key__customer_key__ref_dim_customer_.4480a200c4"
[0m02:03:52.536203 [debug] [Thread-4 (]: Using snowflake connection "test.retail.relationships_fct_invoices_customer_key__customer_key__ref_dim_customer_.4480a200c4"
[0m02:03:52.537510 [debug] [Thread-4 (]: On test.retail.relationships_fct_invoices_customer_key__customer_key__ref_dim_customer_.4480a200c4: select
      count(*) as failures,
      count(*) != 0 as should_warn,
      count(*) != 0 as should_error
    from (
      
    
  
    
    

with child as (
    select customer_key as from_field
    from RETAIL.TRANSFORM.fct_invoices
    where customer_key is not null
),

parent as (
    select customer_key as to_field
    from RETAIL.TRANSFORM.dim_customer
)

select
    from_field

from child
left join parent
    on child.from_field = parent.to_field

where parent.to_field is null



  
  
      
    ) dbt_internal_test
/* {"app": "dbt", "dbt_version": "1.12.2", "profile_name": "retail", "target_name": "dev", "node_id": "test.retail.relationships_fct_invoices_customer_key__customer_key__ref_dim_customer_.4480a200c4"} */
[0m02:03:52.778767 [debug] [Thread-1 (]: SQL status: SUCCESS 1 in 0.375 seconds
[0m02:03:52.782903 [debug] [Thread-3 (]: SQL status: SUCCESS 1 in 1.679 seconds
[0m02:03:52.789724 [info ] [Thread-1 (]: 7 of 13 PASS not_null_fct_invoices_total ....................................... [[32mPASS[0m in 0.44s]
[0m02:03:52.794500 [info ] [Thread-3 (]: 3 of 13 PASS not_null_dim_product_product_key .................................. [[32mPASS[0m in 2.03s]
[0m02:03:52.798947 [debug] [Thread-3 (]: Finished running node test.retail.not_null_dim_product_product_key.f0e1d838d3
[0m02:03:52.797155 [debug] [Thread-1 (]: Finished running node test.retail.not_null_fct_invoices_total.720a273978
[0m02:03:52.800686 [debug] [Thread-3 (]: Began running node test.retail.relationships_fct_invoices_datetime_id__datetime_id__ref_dim_datetime_.409e9f86af
[0m02:03:52.802729 [debug] [Thread-1 (]: Began running node test.retail.relationships_fct_invoices_product_key__product_key__ref_dim_product_.2084457b7d
[0m02:03:52.804583 [info ] [Thread-3 (]: 9 of 13 START test relationships_fct_invoices_datetime_id__datetime_id__ref_dim_datetime_  [RUN]
[0m02:03:52.807215 [info ] [Thread-1 (]: 10 of 13 START test relationships_fct_invoices_product_key__product_key__ref_dim_product_  [RUN]
[0m02:03:52.809742 [debug] [Thread-3 (]: Re-using an available connection from the pool (formerly test.retail.not_null_dim_product_product_key.f0e1d838d3, now test.retail.relationships_fct_invoices_datetime_id__datetime_id__ref_dim_datetime_.409e9f86af)
[0m02:03:52.812049 [debug] [Thread-1 (]: Re-using an available connection from the pool (formerly test.retail.not_null_fct_invoices_total.720a273978, now test.retail.relationships_fct_invoices_product_key__product_key__ref_dim_product_.2084457b7d)
[0m02:03:52.813974 [debug] [Thread-3 (]: Began compiling node test.retail.relationships_fct_invoices_datetime_id__datetime_id__ref_dim_datetime_.409e9f86af
[0m02:03:52.815610 [debug] [Thread-1 (]: Began compiling node test.retail.relationships_fct_invoices_product_key__product_key__ref_dim_product_.2084457b7d
[0m02:03:52.839454 [debug] [Thread-3 (]: Writing injected SQL for node "test.retail.relationships_fct_invoices_datetime_id__datetime_id__ref_dim_datetime_.409e9f86af"
[0m02:03:52.849044 [debug] [Thread-1 (]: Writing injected SQL for node "test.retail.relationships_fct_invoices_product_key__product_key__ref_dim_product_.2084457b7d"
[0m02:03:52.874165 [debug] [Thread-1 (]: Began executing node test.retail.relationships_fct_invoices_product_key__product_key__ref_dim_product_.2084457b7d
[0m02:03:52.877418 [debug] [Thread-1 (]: Writing runtime sql for node "test.retail.relationships_fct_invoices_product_key__product_key__ref_dim_product_.2084457b7d"
[0m02:03:52.880431 [debug] [Thread-3 (]: Began executing node test.retail.relationships_fct_invoices_datetime_id__datetime_id__ref_dim_datetime_.409e9f86af
[0m02:03:52.883968 [debug] [Thread-3 (]: Writing runtime sql for node "test.retail.relationships_fct_invoices_datetime_id__datetime_id__ref_dim_datetime_.409e9f86af"
[0m02:03:52.897373 [debug] [Thread-1 (]: Using snowflake connection "test.retail.relationships_fct_invoices_product_key__product_key__ref_dim_product_.2084457b7d"
[0m02:03:52.898846 [debug] [Thread-1 (]: On test.retail.relationships_fct_invoices_product_key__product_key__ref_dim_product_.2084457b7d: select
      count(*) as failures,
      count(*) != 0 as should_warn,
      count(*) != 0 as should_error
    from (
      
    
  
    
    

with child as (
    select product_key as from_field
    from RETAIL.TRANSFORM.fct_invoices
    where product_key is not null
),

parent as (
    select product_key as to_field
    from RETAIL.TRANSFORM.dim_product
)

select
    from_field

from child
left join parent
    on child.from_field = parent.to_field

where parent.to_field is null



  
  
      
    ) dbt_internal_test
/* {"app": "dbt", "dbt_version": "1.12.2", "profile_name": "retail", "target_name": "dev", "node_id": "test.retail.relationships_fct_invoices_product_key__product_key__ref_dim_product_.2084457b7d"} */
[0m02:03:52.902911 [debug] [Thread-3 (]: Using snowflake connection "test.retail.relationships_fct_invoices_datetime_id__datetime_id__ref_dim_datetime_.409e9f86af"
[0m02:03:52.904628 [debug] [Thread-3 (]: On test.retail.relationships_fct_invoices_datetime_id__datetime_id__ref_dim_datetime_.409e9f86af: select
      count(*) as failures,
      count(*) != 0 as should_warn,
      count(*) != 0 as should_error
    from (
      
    
  
    
    

with child as (
    select datetime_id as from_field
    from RETAIL.TRANSFORM.fct_invoices
    where datetime_id is not null
),

parent as (
    select datetime_id as to_field
    from RETAIL.TRANSFORM.dim_datetime
)

select
    from_field

from child
left join parent
    on child.from_field = parent.to_field

where parent.to_field is null



  
  
      
    ) dbt_internal_test
/* {"app": "dbt", "dbt_version": "1.12.2", "profile_name": "retail", "target_name": "dev", "node_id": "test.retail.relationships_fct_invoices_datetime_id__datetime_id__ref_dim_datetime_.409e9f86af"} */
[0m02:03:53.136415 [debug] [Thread-2 (]: SQL status: SUCCESS 1 in 2.081 seconds
[0m02:03:53.141860 [info ] [Thread-2 (]: 2 of 13 PASS not_null_dim_datetime_datetime_id ................................. [[32mPASS[0m in 2.39s]
[0m02:03:53.145319 [debug] [Thread-2 (]: Finished running node test.retail.not_null_dim_datetime_datetime_id.d0f57ddc2d
[0m02:03:53.147276 [debug] [Thread-2 (]: Began running node test.retail.unique_dim_customer_customer_key.7b0683cc6e
[0m02:03:53.149494 [info ] [Thread-2 (]: 11 of 13 START test unique_dim_customer_customer_key ........................... [RUN]
[0m02:03:53.152777 [debug] [Thread-2 (]: Re-using an available connection from the pool (formerly test.retail.not_null_dim_datetime_datetime_id.d0f57ddc2d, now test.retail.unique_dim_customer_customer_key.7b0683cc6e)
[0m02:03:53.155724 [debug] [Thread-2 (]: Began compiling node test.retail.unique_dim_customer_customer_key.7b0683cc6e
[0m02:03:53.183892 [debug] [Thread-2 (]: Writing injected SQL for node "test.retail.unique_dim_customer_customer_key.7b0683cc6e"
[0m02:03:53.201797 [debug] [Thread-2 (]: Began executing node test.retail.unique_dim_customer_customer_key.7b0683cc6e
[0m02:03:53.205433 [debug] [Thread-2 (]: Writing runtime sql for node "test.retail.unique_dim_customer_customer_key.7b0683cc6e"
[0m02:03:53.226478 [debug] [Thread-2 (]: Using snowflake connection "test.retail.unique_dim_customer_customer_key.7b0683cc6e"
[0m02:03:53.228207 [debug] [Thread-2 (]: On test.retail.unique_dim_customer_customer_key.7b0683cc6e: select
      count(*) as failures,
      count(*) != 0 as should_warn,
      count(*) != 0 as should_error
    from (
      
    
  
    
    

select
    customer_key as unique_field,
    count(*) as n_records

from RETAIL.TRANSFORM.dim_customer
where customer_key is not null
group by customer_key
having count(*) > 1



  
  
      
    ) dbt_internal_test
/* {"app": "dbt", "dbt_version": "1.12.2", "profile_name": "retail", "target_name": "dev", "node_id": "test.retail.unique_dim_customer_customer_key.7b0683cc6e"} */
[0m02:03:53.255811 [debug] [Thread-4 (]: SQL status: SUCCESS 1 in 0.716 seconds
[0m02:03:53.259746 [debug] [Thread-1 (]: SQL status: SUCCESS 1 in 0.359 seconds
[0m02:03:53.268252 [info ] [Thread-4 (]: 8 of 13 PASS relationships_fct_invoices_customer_key__customer_key__ref_dim_customer_  [[32mPASS[0m in 0.80s]
[0m02:03:53.278521 [debug] [Thread-4 (]: Finished running node test.retail.relationships_fct_invoices_customer_key__customer_key__ref_dim_customer_.4480a200c4
[0m02:03:53.274734 [info ] [Thread-1 (]: 10 of 13 PASS relationships_fct_invoices_product_key__product_key__ref_dim_product_  [[32mPASS[0m in 0.46s]
[0m02:03:53.282026 [debug] [Thread-3 (]: SQL status: SUCCESS 1 in 0.376 seconds
[0m02:03:53.284909 [debug] [Thread-4 (]: Began running node test.retail.unique_dim_datetime_datetime_id.5f02751247
[0m02:03:53.291488 [debug] [Thread-1 (]: Finished running node test.retail.relationships_fct_invoices_product_key__product_key__ref_dim_product_.2084457b7d
[0m02:03:53.300996 [info ] [Thread-3 (]: 9 of 13 PASS relationships_fct_invoices_datetime_id__datetime_id__ref_dim_datetime_  [[32mPASS[0m in 0.49s]
[0m02:03:53.313868 [info ] [Thread-4 (]: 12 of 13 START test unique_dim_datetime_datetime_id ............................ [RUN]
[0m02:03:53.320661 [debug] [Thread-1 (]: Began running node test.retail.unique_dim_product_product_key.1753236bd0
[0m02:03:53.325645 [debug] [Thread-3 (]: Finished running node test.retail.relationships_fct_invoices_datetime_id__datetime_id__ref_dim_datetime_.409e9f86af
[0m02:03:53.330343 [debug] [Thread-4 (]: Re-using an available connection from the pool (formerly test.retail.relationships_fct_invoices_customer_key__customer_key__ref_dim_customer_.4480a200c4, now test.retail.unique_dim_datetime_datetime_id.5f02751247)
[0m02:03:53.333665 [info ] [Thread-1 (]: 13 of 13 START test unique_dim_product_product_key ............................. [RUN]
[0m02:03:53.338109 [debug] [Thread-4 (]: Began compiling node test.retail.unique_dim_datetime_datetime_id.5f02751247
[0m02:03:53.341343 [debug] [Thread-1 (]: Re-using an available connection from the pool (formerly test.retail.relationships_fct_invoices_product_key__product_key__ref_dim_product_.2084457b7d, now test.retail.unique_dim_product_product_key.1753236bd0)
[0m02:03:53.356293 [debug] [Thread-1 (]: Began compiling node test.retail.unique_dim_product_product_key.1753236bd0
[0m02:03:53.354426 [debug] [Thread-4 (]: Writing injected SQL for node "test.retail.unique_dim_datetime_datetime_id.5f02751247"
[0m02:03:53.371334 [debug] [Thread-1 (]: Writing injected SQL for node "test.retail.unique_dim_product_product_key.1753236bd0"
[0m02:03:53.391371 [debug] [Thread-1 (]: Began executing node test.retail.unique_dim_product_product_key.1753236bd0
[0m02:03:53.396668 [debug] [Thread-1 (]: Writing runtime sql for node "test.retail.unique_dim_product_product_key.1753236bd0"
[0m02:03:53.399415 [debug] [Thread-4 (]: Began executing node test.retail.unique_dim_datetime_datetime_id.5f02751247
[0m02:03:53.424357 [debug] [Thread-4 (]: Writing runtime sql for node "test.retail.unique_dim_datetime_datetime_id.5f02751247"
[0m02:03:53.447012 [debug] [Thread-1 (]: Using snowflake connection "test.retail.unique_dim_product_product_key.1753236bd0"
[0m02:03:53.449102 [debug] [Thread-1 (]: On test.retail.unique_dim_product_product_key.1753236bd0: select
      count(*) as failures,
      count(*) != 0 as should_warn,
      count(*) != 0 as should_error
    from (
      
    
  
    
    

select
    product_key as unique_field,
    count(*) as n_records

from RETAIL.TRANSFORM.dim_product
where product_key is not null
group by product_key
having count(*) > 1



  
  
      
    ) dbt_internal_test
/* {"app": "dbt", "dbt_version": "1.12.2", "profile_name": "retail", "target_name": "dev", "node_id": "test.retail.unique_dim_product_product_key.1753236bd0"} */
[0m02:03:53.453388 [debug] [Thread-4 (]: Using snowflake connection "test.retail.unique_dim_datetime_datetime_id.5f02751247"
[0m02:03:53.455527 [debug] [Thread-4 (]: On test.retail.unique_dim_datetime_datetime_id.5f02751247: select
      count(*) as failures,
      count(*) != 0 as should_warn,
      count(*) != 0 as should_error
    from (
      
    
  
    
    

select
    datetime_id as unique_field,
    count(*) as n_records

from RETAIL.TRANSFORM.dim_datetime
where datetime_id is not null
group by datetime_id
having count(*) > 1



  
  
      
    ) dbt_internal_test
/* {"app": "dbt", "dbt_version": "1.12.2", "profile_name": "retail", "target_name": "dev", "node_id": "test.retail.unique_dim_datetime_datetime_id.5f02751247"} */
[0m02:03:53.643887 [debug] [Thread-2 (]: SQL status: SUCCESS 1 in 0.412 seconds
[0m02:03:53.659363 [info ] [Thread-2 (]: 11 of 13 PASS unique_dim_customer_customer_key ................................. [[32mPASS[0m in 0.51s]
[0m02:03:53.666367 [debug] [Thread-2 (]: Finished running node test.retail.unique_dim_customer_customer_key.7b0683cc6e
[0m02:03:53.826539 [debug] [Thread-1 (]: SQL status: SUCCESS 1 in 0.375 seconds
[0m02:03:53.829635 [debug] [Thread-4 (]: SQL status: SUCCESS 1 in 0.371 seconds
[0m02:03:53.835809 [info ] [Thread-1 (]: 13 of 13 PASS unique_dim_product_product_key ................................... [[32mPASS[0m in 0.49s]
[0m02:03:53.845874 [debug] [Thread-1 (]: Finished running node test.retail.unique_dim_product_product_key.1753236bd0
[0m02:03:53.842362 [info ] [Thread-4 (]: 12 of 13 PASS unique_dim_datetime_datetime_id .................................. [[32mPASS[0m in 0.51s]
[0m02:03:53.862129 [debug] [Thread-4 (]: Finished running node test.retail.unique_dim_datetime_datetime_id.5f02751247
[0m02:03:53.874029 [debug] [MainThread]: Connection 'master' was properly closed.
[0m02:03:53.875979 [debug] [MainThread]: Connection 'test.retail.unique_dim_product_product_key.1753236bd0' was left open.
[0m02:03:53.877838 [debug] [MainThread]: On test.retail.unique_dim_product_product_key.1753236bd0: Close
[0m02:03:54.315818 [debug] [MainThread]: Connection 'test.retail.unique_dim_customer_customer_key.7b0683cc6e' was left open.
[0m02:03:54.317808 [debug] [MainThread]: On test.retail.unique_dim_customer_customer_key.7b0683cc6e: Close
[0m02:03:54.860410 [debug] [MainThread]: Connection 'test.retail.unique_dim_datetime_datetime_id.5f02751247' was left open.
[0m02:03:54.863457 [debug] [MainThread]: On test.retail.unique_dim_datetime_datetime_id.5f02751247: Close
[0m02:03:55.312170 [debug] [MainThread]: Connection 'test.retail.relationships_fct_invoices_datetime_id__datetime_id__ref_dim_datetime_.409e9f86af' was left open.
[0m02:03:55.313889 [debug] [MainThread]: On test.retail.relationships_fct_invoices_datetime_id__datetime_id__ref_dim_datetime_.409e9f86af: Close
[0m02:03:55.774436 [info ] [MainThread]: 
[0m02:03:55.775937 [info ] [MainThread]: Finished running 13 data tests in 0 hours 0 minutes and 7.29 seconds (7.29s).
[0m02:03:55.779642 [debug] [MainThread]: Command end result
[0m02:03:55.858220 [debug] [MainThread]: Wrote artifact WritableManifest to /usr/local/airflow/include/dbt/target/manifest.json
[0m02:03:55.868205 [debug] [MainThread]: Wrote artifact SemanticManifest to /usr/local/airflow/include/dbt/target/semantic_manifest.json
[0m02:03:55.878835 [debug] [MainThread]: Wrote artifact OsiDocument to /usr/local/airflow/include/dbt/target/osi_document.json
[0m02:03:55.895810 [debug] [MainThread]: Wrote artifact RunExecutionResult to /usr/local/airflow/include/dbt/target/run_results.json
[0m02:03:55.897113 [info ] [MainThread]: 
[0m02:03:55.898630 [info ] [MainThread]: [32mCompleted successfully[0m
[0m02:03:55.900205 [info ] [MainThread]: 
[0m02:03:55.901393 [info ] [MainThread]: Done. PASS=13 WARN=0 ERROR=0 SKIP=0 NO-OP=0 REUSED=0 TOTAL=13
[0m02:03:55.903251 [debug] [MainThread]: Resource report: {"command_name": "test", "command_success": true, "command_wall_clock_time": 14.606487, "process_in_blocks": "1685", "process_kernel_time": 4.348133, "process_mem_max_rss": "314236", "process_out_blocks": "24", "process_user_time": 9.975377}
[0m02:03:55.905518 [debug] [MainThread]: Command `dbt test` succeeded at 02:03:55.905307 after 14.61 seconds
[0m02:03:55.907177 [debug] [MainThread]: Sending event: {'category': 'dbt', 'action': 'invocation', 'label': 'end', 'context': [<snowplow_tracker.self_describing_json.SelfDescribingJson object at 0x75ec026fb350>, <snowplow_tracker.self_describing_json.SelfDescribingJson object at 0x75ec024bfee0>, <snowplow_tracker.self_describing_json.SelfDescribingJson object at 0x75ec024bfa10>]}
[0m02:03:55.908763 [debug] [MainThread]: Flushing usage events
[0m02:03:56.024111 [debug] [MainThread]: An error was encountered while trying to flush usage events
[0m03:57:30.307226 [debug] [MainThread]: Sending event: {'category': 'dbt', 'action': 'invocation', 'label': 'start', 'context': [<snowplow_tracker.self_describing_json.SelfDescribingJson object at 0x729b8c809fd0>, <snowplow_tracker.self_describing_json.SelfDescribingJson object at 0x729b8e6b5bd0>, <snowplow_tracker.self_describing_json.SelfDescribingJson object at 0x729b8a66b9d0>]}


============================== 03:57:30.315344 | def7c17a-cf5a-4f67-ab1f-381514c77eed ==============================
[0m03:57:30.315344 [info ] [MainThread]: Running with dbt=1.12.2
[0m03:57:30.318307 [debug] [MainThread]: running dbt with arguments {'printer_width': '80', 'fail_fast': 'False', 'log_path': '/usr/local/airflow/include/dbt/logs', 'static_parser': 'True', 'invocation_command': 'dbt run --select reporting --profiles-dir /usr/local/airflow/include/dbt/', 'debug': 'False', 'maximum_seed_size_mib': '1', 'log_cache_events': 'False', 'version_check': 'True', 'warn_error': 'None', 'target_path': 'None', 'use_experimental_parser': 'False', 'partial_parse': 'True', 'indirect_selection': 'eager', 'empty': 'False', 'cache_selected_only': 'False', 'use_colors': 'True', 'log_format': 'default', 'no_print': 'None', 'send_anonymous_usage_stats': 'True', 'quiet': 'False', 'write_json': 'True', 'profiles_dir': '/usr/local/airflow/include/dbt/', 'warn_error_options': 'WarnErrorOptionsV2(error=[], warn=[], silence=[])', 'introspect': 'True', 'hints_enabled': 'True'}
[0m03:57:35.807552 [debug] [MainThread]: Snowflake adapter: Setting snowflake.connector to ERROR (file logging only)
[0m03:57:35.809134 [debug] [MainThread]: Snowflake adapter: Setting botocore to ERROR (file logging only)
[0m03:57:35.810638 [debug] [MainThread]: Snowflake adapter: Setting boto3 to ERROR (file logging only)
[0m03:57:38.126061 [debug] [MainThread]: Sending event: {'category': 'dbt', 'action': 'project_id', 'label': 'def7c17a-cf5a-4f67-ab1f-381514c77eed', 'context': [<snowplow_tracker.self_describing_json.SelfDescribingJson object at 0x729b6618f6f0>]}
[0m03:57:38.438680 [debug] [MainThread]: Sending event: {'category': 'dbt', 'action': 'adapter_info', 'label': 'def7c17a-cf5a-4f67-ab1f-381514c77eed', 'context': [<snowplow_tracker.self_describing_json.SelfDescribingJson object at 0x729b6603f9b0>]}
[0m03:57:38.442949 [info ] [MainThread]: Registered adapter: snowflake=1.10.5
[0m03:57:38.678913 [debug] [MainThread]: checksum: cc35750ecde71b865d75821767eaac2efd404a8abed9e099166986ed39d3d5d9, vars: {}, profile: retail, target: dev, version: 1.12.2
[0m03:57:40.720326 [debug] [MainThread]: Partial parsing enabled: 0 files deleted, 4 files added, 4 files changed.
[0m03:57:40.721598 [debug] [MainThread]: Partial parsing: added file: retail://models/marts/reporting/_reporting__models.yml
[0m03:57:40.731240 [debug] [MainThread]: Partial parsing: added file: retail://models/marts/reporting/report_year_invoices.sql
[0m03:57:40.735104 [debug] [MainThread]: Partial parsing: added file: retail://models/marts/reporting/report_product_invoices.sql
[0m03:57:40.739459 [debug] [MainThread]: Partial parsing: added file: retail://models/marts/reporting/report_customer_invoices.sql
[0m03:57:40.744689 [debug] [MainThread]: Partial parsing: updated file: retail://models/marts/core/fct_invoices.sql
[0m03:57:40.747938 [debug] [MainThread]: Partial parsing: updated file: retail://models/marts/core/_core__models.yml
[0m03:57:40.750606 [debug] [MainThread]: Partial parsing: updated file: retail://models/marts/core/dim_datetime.sql
[0m03:57:40.753144 [debug] [MainThread]: Partial parsing: updated file: retail://models/marts/core/dim_customer.sql
[0m03:57:40.755122 [debug] [MainThread]: Partial parsing: updated file: retail://models/marts/core/fct_invoices.sql
[0m03:57:41.674767 [debug] [MainThread]: Sending event: {'category': 'dbt', 'action': 'load_project', 'label': 'def7c17a-cf5a-4f67-ab1f-381514c77eed', 'context': [<snowplow_tracker.self_describing_json.SelfDescribingJson object at 0x729b659caf50>]}
[0m03:57:41.842423 [debug] [MainThread]: Wrote artifact WritableManifest to /usr/local/airflow/include/dbt/target/manifest.json
[0m03:57:41.897975 [debug] [MainThread]: Wrote artifact SemanticManifest to /usr/local/airflow/include/dbt/target/semantic_manifest.json
[0m03:57:41.964122 [debug] [MainThread]: Wrote artifact OsiDocument to /usr/local/airflow/include/dbt/target/osi_document.json
[0m03:57:42.163212 [debug] [MainThread]: Sending event: {'category': 'dbt', 'action': 'resource_counts', 'label': 'def7c17a-cf5a-4f67-ab1f-381514c77eed', 'context': [<snowplow_tracker.self_describing_json.SelfDescribingJson object at 0x729b644e63f0>]}
[0m03:57:42.164983 [info ] [MainThread]: Found 10 models, 30 data tests, 2 sources, 634 macros
[0m03:57:42.166930 [debug] [MainThread]: Sending event: {'category': 'dbt', 'action': 'runnable_timing', 'label': 'def7c17a-cf5a-4f67-ab1f-381514c77eed', 'context': [<snowplow_tracker.self_describing_json.SelfDescribingJson object at 0x729b644ec910>]}
[0m03:57:42.170545 [warn ] [MainThread]: [[33mWARNING[0m]: The selection criterion 'reporting' does not match any enabled nodes
[0m03:57:42.176719 [warn ] [MainThread]: [[33mWARNING[0m]: Nothing to do. Try checking your model configs and model specification args
[0m03:57:42.191983 [debug] [MainThread]: Command end result
[0m03:57:42.290416 [debug] [MainThread]: Wrote artifact WritableManifest to /usr/local/airflow/include/dbt/target/manifest.json
[0m03:57:42.301493 [debug] [MainThread]: Wrote artifact SemanticManifest to /usr/local/airflow/include/dbt/target/semantic_manifest.json
[0m03:57:42.313186 [debug] [MainThread]: Wrote artifact OsiDocument to /usr/local/airflow/include/dbt/target/osi_document.json
[0m03:57:42.377488 [debug] [MainThread]: Wrote artifact RunExecutionResult to /usr/local/airflow/include/dbt/target/run_results.json
[0m03:57:42.380443 [debug] [MainThread]: Resource report: {"command_name": "run", "command_success": true, "command_wall_clock_time": 12.629404, "process_in_blocks": "30189", "process_kernel_time": 14.245793, "process_mem_max_rss": "261284", "process_out_blocks": "0", "process_user_time": 11.707302}
[0m03:57:42.382554 [debug] [MainThread]: Command `dbt run` succeeded at 03:57:42.382295 after 12.63 seconds
[0m03:57:42.384408 [debug] [MainThread]: Sending event: {'category': 'dbt', 'action': 'invocation', 'label': 'end', 'context': [<snowplow_tracker.self_describing_json.SelfDescribingJson object at 0x729b8b57a340>, <snowplow_tracker.self_describing_json.SelfDescribingJson object at 0x729b644b84d0>, <snowplow_tracker.self_describing_json.SelfDescribingJson object at 0x729b644b8590>]}
[0m03:57:42.385926 [debug] [MainThread]: Flushing usage events
[0m03:57:42.565267 [debug] [MainThread]: An error was encountered while trying to flush usage events
[0m03:59:12.782428 [debug] [MainThread]: Sending event: {'category': 'dbt', 'action': 'invocation', 'label': 'start', 'context': [<snowplow_tracker.self_describing_json.SelfDescribingJson object at 0x71857716dfd0>, <snowplow_tracker.self_describing_json.SelfDescribingJson object at 0x718579019bd0>, <snowplow_tracker.self_describing_json.SelfDescribingJson object at 0x718575a379d0>]}


============================== 03:59:12.793327 | 012a63be-6eee-404b-9e34-cbf089083f4f ==============================
[0m03:59:12.793327 [info ] [MainThread]: Running with dbt=1.12.2
[0m03:59:12.795568 [debug] [MainThread]: running dbt with arguments {'log_format': 'default', 'send_anonymous_usage_stats': 'True', 'debug': 'False', 'static_parser': 'True', 'write_json': 'True', 'empty': 'False', 'warn_error': 'None', 'target_path': 'None', 'indirect_selection': 'eager', 'partial_parse': 'True', 'maximum_seed_size_mib': '1', 'fail_fast': 'False', 'profiles_dir': '/usr/local/airflow/include/dbt/', 'version_check': 'True', 'invocation_command': 'dbt run --select path:models/marts/reporting --profiles-dir /usr/local/airflow/include/dbt/', 'use_colors': 'True', 'cache_selected_only': 'False', 'use_experimental_parser': 'False', 'introspect': 'True', 'log_cache_events': 'False', 'printer_width': '80', 'hints_enabled': 'True', 'log_path': '/usr/local/airflow/include/dbt/logs', 'quiet': 'False', 'warn_error_options': 'WarnErrorOptionsV2(error=[], warn=[], silence=[])', 'no_print': 'None'}
[0m03:59:14.472070 [debug] [MainThread]: Snowflake adapter: Setting snowflake.connector to ERROR (file logging only)
[0m03:59:14.473801 [debug] [MainThread]: Snowflake adapter: Setting botocore to ERROR (file logging only)
[0m03:59:14.475272 [debug] [MainThread]: Snowflake adapter: Setting boto3 to ERROR (file logging only)
[0m03:59:14.767970 [debug] [MainThread]: Sending event: {'category': 'dbt', 'action': 'project_id', 'label': '012a63be-6eee-404b-9e34-cbf089083f4f', 'context': [<snowplow_tracker.self_describing_json.SelfDescribingJson object at 0x718554b076f0>]}
[0m03:59:14.844910 [debug] [MainThread]: Sending event: {'category': 'dbt', 'action': 'adapter_info', 'label': '012a63be-6eee-404b-9e34-cbf089083f4f', 'context': [<snowplow_tracker.self_describing_json.SelfDescribingJson object at 0x7185549b79b0>]}
[0m03:59:14.847349 [info ] [MainThread]: Registered adapter: snowflake=1.10.5
[0m03:59:15.045814 [debug] [MainThread]: checksum: cc35750ecde71b865d75821767eaac2efd404a8abed9e099166986ed39d3d5d9, vars: {}, profile: retail, target: dev, version: 1.12.2
[0m03:59:16.905171 [debug] [MainThread]: Partial parsing enabled: 0 files deleted, 0 files added, 0 files changed.
[0m03:59:16.906348 [debug] [MainThread]: Nothing changed, skipping partial parsing.
[0m03:59:16.907375 [debug] [MainThread]: Partial parsing enabled, no changes found, skipping parsing
[0m03:59:16.919084 [debug] [MainThread]: Sending event: {'category': 'dbt', 'action': 'load_project', 'label': '012a63be-6eee-404b-9e34-cbf089083f4f', 'context': [<snowplow_tracker.self_describing_json.SelfDescribingJson object at 0x718554356250>]}
[0m03:59:17.119736 [debug] [MainThread]: Wrote artifact WritableManifest to /usr/local/airflow/include/dbt/target/manifest.json
[0m03:59:17.129743 [debug] [MainThread]: Wrote artifact SemanticManifest to /usr/local/airflow/include/dbt/target/semantic_manifest.json
[0m03:59:17.182343 [debug] [MainThread]: Wrote artifact OsiDocument to /usr/local/airflow/include/dbt/target/osi_document.json
[0m03:59:17.241326 [debug] [MainThread]: Sending event: {'category': 'dbt', 'action': 'resource_counts', 'label': '012a63be-6eee-404b-9e34-cbf089083f4f', 'context': [<snowplow_tracker.self_describing_json.SelfDescribingJson object at 0x718554282210>]}
[0m03:59:17.242726 [info ] [MainThread]: Found 10 models, 30 data tests, 2 sources, 634 macros
[0m03:59:17.244322 [debug] [MainThread]: Sending event: {'category': 'dbt', 'action': 'runnable_timing', 'label': '012a63be-6eee-404b-9e34-cbf089083f4f', 'context': [<snowplow_tracker.self_describing_json.SelfDescribingJson object at 0x718554292510>]}
[0m03:59:17.253863 [info ] [MainThread]: 
[0m03:59:17.256552 [info ] [MainThread]: Concurrency: 4 threads (target='dev')
[0m03:59:17.274587 [info ] [MainThread]: 
[0m03:59:17.281348 [debug] [MainThread]: Acquiring new snowflake connection 'master'
[0m03:59:17.299324 [debug] [ThreadPool]: Acquiring new snowflake connection 'list_RETAIL'
[0m03:59:17.660267 [debug] [ThreadPool]: Using snowflake connection "list_RETAIL"
[0m03:59:17.661725 [debug] [ThreadPool]: On list_RETAIL: show terse schemas in database RETAIL
    limit 10000
/* {"app": "dbt", "dbt_version": "1.12.2", "profile_name": "retail", "target_name": "dev", "connection_name": "list_RETAIL"} */
[0m03:59:17.663107 [debug] [ThreadPool]: Opening a new connection, currently in state init
[0m03:59:20.197745 [debug] [ThreadPool]: SQL status: SUCCESS 5 in 2.535 seconds
[0m03:59:20.203639 [debug] [ThreadPool]: Re-using an available connection from the pool (formerly list_RETAIL, now list_RETAIL_TRANSFORM)
[0m03:59:20.216921 [debug] [ThreadPool]: Using snowflake connection "list_RETAIL_TRANSFORM"
[0m03:59:20.218400 [debug] [ThreadPool]: On list_RETAIL_TRANSFORM: show objects in RETAIL.TRANSFORM
    limit 10000
    

/* {"app": "dbt", "dbt_version": "1.12.2", "profile_name": "retail", "target_name": "dev", "connection_name": "list_RETAIL_TRANSFORM"} */;
[0m03:59:20.630373 [debug] [ThreadPool]: SQL status: SUCCESS 7 in 0.411 seconds
[0m03:59:20.636801 [debug] [MainThread]: Sending event: {'category': 'dbt', 'action': 'runnable_timing', 'label': '012a63be-6eee-404b-9e34-cbf089083f4f', 'context': [<snowplow_tracker.self_describing_json.SelfDescribingJson object at 0x71854f164600>]}
[0m03:59:20.646062 [debug] [Thread-3 (]: Began running node model.retail.report_year_invoices
[0m03:59:20.646690 [debug] [Thread-2 (]: Began running node model.retail.report_product_invoices
[0m03:59:20.647426 [debug] [Thread-1 (]: Began running node model.retail.report_customer_invoices
[0m03:59:20.648267 [info ] [Thread-3 (]: 3 of 3 START sql table model TRANSFORM.report_year_invoices .................... [RUN]
[0m03:59:20.650049 [info ] [Thread-2 (]: 2 of 3 START sql table model TRANSFORM.report_product_invoices ................. [RUN]
[0m03:59:20.651872 [info ] [Thread-1 (]: 1 of 3 START sql table model TRANSFORM.report_customer_invoices ................ [RUN]
[0m03:59:20.654177 [debug] [Thread-3 (]: Acquiring new snowflake connection 'model.retail.report_year_invoices'
[0m03:59:20.655788 [debug] [Thread-2 (]: Acquiring new snowflake connection 'model.retail.report_product_invoices'
[0m03:59:20.657440 [debug] [Thread-1 (]: Re-using an available connection from the pool (formerly list_RETAIL_TRANSFORM, now model.retail.report_customer_invoices)
[0m03:59:20.658990 [debug] [Thread-3 (]: Began compiling node model.retail.report_year_invoices
[0m03:59:20.660205 [debug] [Thread-2 (]: Began compiling node model.retail.report_product_invoices
[0m03:59:20.661648 [debug] [Thread-1 (]: Began compiling node model.retail.report_customer_invoices
[0m03:59:20.671931 [debug] [Thread-3 (]: Writing injected SQL for node "model.retail.report_year_invoices"
[0m03:59:20.678927 [debug] [Thread-2 (]: Writing injected SQL for node "model.retail.report_product_invoices"
[0m03:59:20.682686 [debug] [Thread-1 (]: Writing injected SQL for node "model.retail.report_customer_invoices"
[0m03:59:20.701692 [debug] [Thread-2 (]: Began executing node model.retail.report_product_invoices
[0m03:59:20.722241 [debug] [Thread-3 (]: Began executing node model.retail.report_year_invoices
[0m03:59:20.730044 [debug] [Thread-1 (]: Began executing node model.retail.report_customer_invoices
[0m03:59:20.773271 [debug] [Thread-3 (]: Writing runtime sql for node "model.retail.report_year_invoices"
[0m03:59:20.776095 [debug] [Thread-1 (]: Writing runtime sql for node "model.retail.report_customer_invoices"
[0m03:59:20.781534 [debug] [Thread-2 (]: Writing runtime sql for node "model.retail.report_product_invoices"
[0m03:59:20.793305 [debug] [Thread-1 (]: Using snowflake connection "model.retail.report_customer_invoices"
[0m03:59:20.795018 [debug] [Thread-1 (]: On model.retail.report_customer_invoices: create or replace transient table RETAIL.TRANSFORM.report_customer_invoices
    
    
    
    as (-- report_customer_invoices.sql
select
    c.country,
    c.iso,
    count(fi.invoice_no) as total_invoices,
    sum(fi.total) as total_revenue
from RETAIL.TRANSFORM.fct_invoices fi
join RETAIL.TRANSFORM.dim_customer c on fi.customer_key = c.customer_key
group by c.country, c.iso
order by total_revenue desc
    )

/* {"app": "dbt", "dbt_version": "1.12.2", "profile_name": "retail", "target_name": "dev", "node_id": "model.retail.report_customer_invoices"} */;
[0m03:59:20.797281 [debug] [Thread-2 (]: Using snowflake connection "model.retail.report_product_invoices"
[0m03:59:20.799850 [debug] [Thread-2 (]: On model.retail.report_product_invoices: create or replace transient table RETAIL.TRANSFORM.report_product_invoices
    
    
    
    as (-- report_product_invoices.sql
select
    p.product_key,
    p.stock_code,
    p.description,
    sum(fi.quantity) as total_quantity_sold
from RETAIL.TRANSFORM.fct_invoices fi
join RETAIL.TRANSFORM.dim_product p on fi.product_key = p.product_key
group by p.product_key, p.stock_code, p.description
order by total_quantity_sold desc
    )

/* {"app": "dbt", "dbt_version": "1.12.2", "profile_name": "retail", "target_name": "dev", "node_id": "model.retail.report_product_invoices"} */;
[0m03:59:20.801886 [debug] [Thread-2 (]: Opening a new connection, currently in state init
[0m03:59:20.801218 [debug] [Thread-3 (]: Using snowflake connection "model.retail.report_year_invoices"
[0m03:59:20.805959 [debug] [Thread-3 (]: On model.retail.report_year_invoices: create or replace transient table RETAIL.TRANSFORM.report_year_invoices
    
    
    
    as (-- report_year_invoices.sql
select
    dt.year,
    dt.month,
    count(distinct fi.invoice_no) as num_invoices,
    sum(fi.total) as total_revenue
from RETAIL.TRANSFORM.fct_invoices fi
join RETAIL.TRANSFORM.dim_datetime dt on fi.datetime_id = dt.datetime_id
group by dt.year, dt.month
order by dt.year, dt.month
    )

/* {"app": "dbt", "dbt_version": "1.12.2", "profile_name": "retail", "target_name": "dev", "node_id": "model.retail.report_year_invoices"} */;
[0m03:59:20.808575 [debug] [Thread-3 (]: Opening a new connection, currently in state init
[0m03:59:22.165258 [debug] [Thread-1 (]: SQL status: SUCCESS 1 in 1.367 seconds
[0m03:59:22.195656 [debug] [Thread-1 (]: Sending event: {'category': 'dbt', 'action': 'run_model', 'label': '012a63be-6eee-404b-9e34-cbf089083f4f', 'context': [<snowplow_tracker.self_describing_json.SelfDescribingJson object at 0x71854f048650>]}
[0m03:59:22.197677 [info ] [Thread-1 (]: 1 of 3 OK created sql table model TRANSFORM.report_customer_invoices ........... [[32mSUCCESS 1[0m in 1.54s]
[0m03:59:22.199695 [debug] [Thread-1 (]: Finished running node model.retail.report_customer_invoices
[0m03:59:22.859612 [debug] [Thread-3 (]: SQL status: SUCCESS 1 in 2.051 seconds
[0m03:59:22.863327 [debug] [Thread-3 (]: Sending event: {'category': 'dbt', 'action': 'run_model', 'label': '012a63be-6eee-404b-9e34-cbf089083f4f', 'context': [<snowplow_tracker.self_describing_json.SelfDescribingJson object at 0x71854c6fdd30>]}
[0m03:59:22.865015 [info ] [Thread-3 (]: 3 of 3 OK created sql table model TRANSFORM.report_year_invoices ............... [[32mSUCCESS 1[0m in 2.21s]
[0m03:59:22.866960 [debug] [Thread-3 (]: Finished running node model.retail.report_year_invoices
[0m03:59:22.979016 [debug] [Thread-2 (]: SQL status: SUCCESS 1 in 2.176 seconds
[0m03:59:22.987597 [debug] [Thread-2 (]: Sending event: {'category': 'dbt', 'action': 'run_model', 'label': '012a63be-6eee-404b-9e34-cbf089083f4f', 'context': [<snowplow_tracker.self_describing_json.SelfDescribingJson object at 0x71854f117430>]}
[0m03:59:22.990418 [info ] [Thread-2 (]: 2 of 3 OK created sql table model TRANSFORM.report_product_invoices ............ [[32mSUCCESS 1[0m in 2.33s]
[0m03:59:22.993865 [debug] [Thread-2 (]: Finished running node model.retail.report_product_invoices
[0m03:59:22.998712 [debug] [MainThread]: Connection 'master' was properly closed.
[0m03:59:23.000379 [debug] [MainThread]: Connection 'model.retail.report_customer_invoices' was left open.
[0m03:59:23.002015 [debug] [MainThread]: On model.retail.report_customer_invoices: Close
[0m03:59:23.457199 [debug] [MainThread]: Connection 'model.retail.report_year_invoices' was left open.
[0m03:59:23.458610 [debug] [MainThread]: On model.retail.report_year_invoices: Close
[0m03:59:23.906041 [debug] [MainThread]: Connection 'model.retail.report_product_invoices' was left open.
[0m03:59:23.908479 [debug] [MainThread]: On model.retail.report_product_invoices: Close
[0m03:59:24.386019 [info ] [MainThread]: 
[0m03:59:24.387846 [info ] [MainThread]: Finished running 3 table models in 0 hours 0 minutes and 7.11 seconds (7.11s).
[0m03:59:24.390667 [debug] [MainThread]: Command end result
[0m03:59:24.483910 [debug] [MainThread]: Wrote artifact WritableManifest to /usr/local/airflow/include/dbt/target/manifest.json
[0m03:59:24.494442 [debug] [MainThread]: Wrote artifact SemanticManifest to /usr/local/airflow/include/dbt/target/semantic_manifest.json
[0m03:59:24.505283 [debug] [MainThread]: Wrote artifact OsiDocument to /usr/local/airflow/include/dbt/target/osi_document.json
[0m03:59:24.525785 [debug] [MainThread]: Wrote artifact RunExecutionResult to /usr/local/airflow/include/dbt/target/run_results.json
[0m03:59:24.527404 [info ] [MainThread]: 
[0m03:59:24.529236 [info ] [MainThread]: [32mCompleted successfully[0m
[0m03:59:24.530753 [info ] [MainThread]: 
[0m03:59:24.533081 [info ] [MainThread]: Done. PASS=3 WARN=0 ERROR=0 SKIP=0 NO-OP=0 REUSED=0 TOTAL=3
[0m03:59:24.536221 [debug] [MainThread]: Resource report: {"command_name": "run", "command_success": true, "command_wall_clock_time": 11.9077215, "process_in_blocks": "2529", "process_kernel_time": 1.746601, "process_mem_max_rss": "281528", "process_out_blocks": "24", "process_user_time": 8.064355}
[0m03:59:24.538937 [debug] [MainThread]: Command `dbt run` succeeded at 03:59:24.538626 after 11.91 seconds
[0m03:59:24.541484 [debug] [MainThread]: Sending event: {'category': 'dbt', 'action': 'invocation', 'label': 'end', 'context': [<snowplow_tracker.self_describing_json.SelfDescribingJson object at 0x718554122450>, <snowplow_tracker.self_describing_json.SelfDescribingJson object at 0x718576e86ad0>, <snowplow_tracker.self_describing_json.SelfDescribingJson object at 0x718575a4b0e0>]}
[0m03:59:24.545871 [debug] [MainThread]: Flushing usage events
[0m03:59:24.739652 [debug] [MainThread]: An error was encountered while trying to flush usage events
[0m03:59:40.596871 [debug] [MainThread]: Sending event: {'category': 'dbt', 'action': 'invocation', 'label': 'start', 'context': [<snowplow_tracker.self_describing_json.SelfDescribingJson object at 0x753f098b1fd0>, <snowplow_tracker.self_describing_json.SelfDescribingJson object at 0x753f0b759bd0>, <snowplow_tracker.self_describing_json.SelfDescribingJson object at 0x753f077139d0>]}


============================== 03:59:40.601298 | ed7ce474-1e0e-4c9d-9cc0-5ff430d6d874 ==============================
[0m03:59:40.601298 [info ] [MainThread]: Running with dbt=1.12.2
[0m03:59:40.603304 [debug] [MainThread]: running dbt with arguments {'use_colors': 'True', 'log_format': 'default', 'debug': 'False', 'log_path': '/usr/local/airflow/include/dbt/logs', 'quiet': 'False', 'partial_parse': 'True', 'write_json': 'True', 'warn_error': 'None', 'warn_error_options': 'WarnErrorOptionsV2(error=[], warn=[], silence=[])', 'send_anonymous_usage_stats': 'True', 'target_path': 'None', 'introspect': 'True', 'no_print': 'None', 'cache_selected_only': 'False', 'profiles_dir': '/usr/local/airflow/include/dbt/', 'invocation_command': 'dbt test --select path:models/marts/reporting --profiles-dir /usr/local/airflow/include/dbt/', 'maximum_seed_size_mib': '1', 'printer_width': '80', 'fail_fast': 'False', 'version_check': 'True', 'empty': 'None', 'use_experimental_parser': 'False', 'static_parser': 'True', 'hints_enabled': 'True', 'log_cache_events': 'False', 'indirect_selection': 'eager'}
[0m03:59:43.618547 [debug] [MainThread]: Snowflake adapter: Setting snowflake.connector to ERROR (file logging only)
[0m03:59:43.619896 [debug] [MainThread]: Snowflake adapter: Setting botocore to ERROR (file logging only)
[0m03:59:43.621566 [debug] [MainThread]: Snowflake adapter: Setting boto3 to ERROR (file logging only)
[0m03:59:43.925311 [debug] [MainThread]: Sending event: {'category': 'dbt', 'action': 'project_id', 'label': 'ed7ce474-1e0e-4c9d-9cc0-5ff430d6d874', 'context': [<snowplow_tracker.self_describing_json.SelfDescribingJson object at 0x753ee35c36f0>]}
[0m03:59:44.012182 [debug] [MainThread]: Sending event: {'category': 'dbt', 'action': 'adapter_info', 'label': 'ed7ce474-1e0e-4c9d-9cc0-5ff430d6d874', 'context': [<snowplow_tracker.self_describing_json.SelfDescribingJson object at 0x753ee344b9b0>]}
[0m03:59:44.015345 [info ] [MainThread]: Registered adapter: snowflake=1.10.5
[0m03:59:44.321310 [debug] [MainThread]: checksum: cc35750ecde71b865d75821767eaac2efd404a8abed9e099166986ed39d3d5d9, vars: {}, profile: retail, target: dev, version: 1.12.2
[0m03:59:46.109807 [debug] [MainThread]: Partial parsing enabled: 0 files deleted, 0 files added, 0 files changed.
[0m03:59:46.111116 [debug] [MainThread]: Nothing changed, skipping partial parsing.
[0m03:59:46.113049 [debug] [MainThread]: Partial parsing enabled, no changes found, skipping parsing
[0m03:59:46.130889 [debug] [MainThread]: Sending event: {'category': 'dbt', 'action': 'load_project', 'label': 'ed7ce474-1e0e-4c9d-9cc0-5ff430d6d874', 'context': [<snowplow_tracker.self_describing_json.SelfDescribingJson object at 0x753ee2dfa250>]}
[0m03:59:46.365841 [debug] [MainThread]: Wrote artifact WritableManifest to /usr/local/airflow/include/dbt/target/manifest.json
[0m03:59:46.384598 [debug] [MainThread]: Wrote artifact SemanticManifest to /usr/local/airflow/include/dbt/target/semantic_manifest.json
[0m03:59:46.445389 [debug] [MainThread]: Wrote artifact OsiDocument to /usr/local/airflow/include/dbt/target/osi_document.json
[0m03:59:47.333741 [debug] [MainThread]: Sending event: {'category': 'dbt', 'action': 'resource_counts', 'label': 'ed7ce474-1e0e-4c9d-9cc0-5ff430d6d874', 'context': [<snowplow_tracker.self_describing_json.SelfDescribingJson object at 0x753ee2d30230>]}
[0m03:59:47.335843 [info ] [MainThread]: Found 10 models, 30 data tests, 2 sources, 634 macros
[0m03:59:47.338447 [debug] [MainThread]: Sending event: {'category': 'dbt', 'action': 'runnable_timing', 'label': 'ed7ce474-1e0e-4c9d-9cc0-5ff430d6d874', 'context': [<snowplow_tracker.self_describing_json.SelfDescribingJson object at 0x753ee29ff150>]}
[0m03:59:47.356366 [info ] [MainThread]: 
[0m03:59:47.361030 [info ] [MainThread]: Concurrency: 4 threads (target='dev')
[0m03:59:47.365688 [info ] [MainThread]: 
[0m03:59:47.372366 [debug] [MainThread]: Acquiring new snowflake connection 'master'
[0m03:59:47.403653 [debug] [ThreadPool]: Acquiring new snowflake connection 'list_RETAIL_TRANSFORM'
[0m03:59:47.505797 [debug] [ThreadPool]: Using snowflake connection "list_RETAIL_TRANSFORM"
[0m03:59:47.507738 [debug] [ThreadPool]: On list_RETAIL_TRANSFORM: show objects in RETAIL.TRANSFORM
    limit 10000
    

/* {"app": "dbt", "dbt_version": "1.12.2", "profile_name": "retail", "target_name": "dev", "connection_name": "list_RETAIL_TRANSFORM"} */;
[0m03:59:47.509520 [debug] [ThreadPool]: Opening a new connection, currently in state init
[0m03:59:49.680170 [debug] [ThreadPool]: SQL status: SUCCESS 10 in 2.170 seconds
[0m03:59:49.703079 [debug] [MainThread]: Sending event: {'category': 'dbt', 'action': 'runnable_timing', 'label': 'ed7ce474-1e0e-4c9d-9cc0-5ff430d6d874', 'context': [<snowplow_tracker.self_describing_json.SelfDescribingJson object at 0x753ee2b79bf0>]}
[0m03:59:49.727484 [debug] [Thread-1 (]: Began running node test.retail.not_null_report_customer_invoices_country.b67037085c
[0m03:59:49.730475 [debug] [Thread-3 (]: Began running node test.retail.not_null_report_customer_invoices_total_revenue.8eb986fc38
[0m03:59:49.734215 [debug] [Thread-2 (]: Began running node test.retail.not_null_report_customer_invoices_total_invoices.2a94ebacf2
[0m03:59:49.737527 [debug] [Thread-4 (]: Began running node test.retail.not_null_report_product_invoices_stock_code.f6f96df49b
[0m03:59:49.735611 [info ] [Thread-1 (]: 1 of 7 START test not_null_report_customer_invoices_country .................... [RUN]
[0m03:59:49.741241 [info ] [Thread-3 (]: 3 of 7 START test not_null_report_customer_invoices_total_revenue .............. [RUN]
[0m03:59:49.744303 [info ] [Thread-2 (]: 2 of 7 START test not_null_report_customer_invoices_total_invoices ............. [RUN]
[0m03:59:49.747505 [info ] [Thread-4 (]: 4 of 7 START test not_null_report_product_invoices_stock_code .................. [RUN]
[0m03:59:49.750877 [debug] [Thread-1 (]: Re-using an available connection from the pool (formerly list_RETAIL_TRANSFORM, now test.retail.not_null_report_customer_invoices_country.b67037085c)
[0m03:59:49.753641 [debug] [Thread-3 (]: Acquiring new snowflake connection 'test.retail.not_null_report_customer_invoices_total_revenue.8eb986fc38'
[0m03:59:49.757538 [debug] [Thread-2 (]: Acquiring new snowflake connection 'test.retail.not_null_report_customer_invoices_total_invoices.2a94ebacf2'
[0m03:59:49.761885 [debug] [Thread-4 (]: Acquiring new snowflake connection 'test.retail.not_null_report_product_invoices_stock_code.f6f96df49b'
[0m03:59:49.763810 [debug] [Thread-1 (]: Began compiling node test.retail.not_null_report_customer_invoices_country.b67037085c
[0m03:59:49.765556 [debug] [Thread-3 (]: Began compiling node test.retail.not_null_report_customer_invoices_total_revenue.8eb986fc38
[0m03:59:49.767185 [debug] [Thread-2 (]: Began compiling node test.retail.not_null_report_customer_invoices_total_invoices.2a94ebacf2
[0m03:59:49.769489 [debug] [Thread-4 (]: Began compiling node test.retail.not_null_report_product_invoices_stock_code.f6f96df49b
[0m03:59:49.828163 [debug] [Thread-2 (]: Writing injected SQL for node "test.retail.not_null_report_customer_invoices_total_invoices.2a94ebacf2"
[0m03:59:49.831157 [debug] [Thread-1 (]: Writing injected SQL for node "test.retail.not_null_report_customer_invoices_country.b67037085c"
[0m03:59:49.833290 [debug] [Thread-3 (]: Writing injected SQL for node "test.retail.not_null_report_customer_invoices_total_revenue.8eb986fc38"
[0m03:59:49.855672 [debug] [Thread-4 (]: Writing injected SQL for node "test.retail.not_null_report_product_invoices_stock_code.f6f96df49b"
[0m03:59:49.888799 [debug] [Thread-4 (]: Began executing node test.retail.not_null_report_product_invoices_stock_code.f6f96df49b
[0m03:59:49.904261 [debug] [Thread-3 (]: Began executing node test.retail.not_null_report_customer_invoices_total_revenue.8eb986fc38
[0m03:59:50.007435 [debug] [Thread-3 (]: Writing runtime sql for node "test.retail.not_null_report_customer_invoices_total_revenue.8eb986fc38"
[0m03:59:50.013695 [debug] [Thread-2 (]: Began executing node test.retail.not_null_report_customer_invoices_total_invoices.2a94ebacf2
[0m03:59:50.012381 [debug] [Thread-4 (]: Writing runtime sql for node "test.retail.not_null_report_product_invoices_stock_code.f6f96df49b"
[0m03:59:50.023284 [debug] [Thread-2 (]: Writing runtime sql for node "test.retail.not_null_report_customer_invoices_total_invoices.2a94ebacf2"
[0m03:59:50.025453 [debug] [Thread-1 (]: Began executing node test.retail.not_null_report_customer_invoices_country.b67037085c
[0m03:59:50.031552 [debug] [Thread-1 (]: Writing runtime sql for node "test.retail.not_null_report_customer_invoices_country.b67037085c"
[0m03:59:50.052022 [debug] [Thread-3 (]: Using snowflake connection "test.retail.not_null_report_customer_invoices_total_revenue.8eb986fc38"
[0m03:59:50.053978 [debug] [Thread-3 (]: On test.retail.not_null_report_customer_invoices_total_revenue.8eb986fc38: select
      count(*) as failures,
      count(*) != 0 as should_warn,
      count(*) != 0 as should_error
    from (
      
    
  
    
    



select total_revenue
from RETAIL.TRANSFORM.report_customer_invoices
where total_revenue is null



  
  
      
    ) dbt_internal_test
/* {"app": "dbt", "dbt_version": "1.12.2", "profile_name": "retail", "target_name": "dev", "node_id": "test.retail.not_null_report_customer_invoices_total_revenue.8eb986fc38"} */
[0m03:59:50.056144 [debug] [Thread-3 (]: Opening a new connection, currently in state init
[0m03:59:50.059787 [debug] [Thread-2 (]: Using snowflake connection "test.retail.not_null_report_customer_invoices_total_invoices.2a94ebacf2"
[0m03:59:50.065575 [debug] [Thread-2 (]: On test.retail.not_null_report_customer_invoices_total_invoices.2a94ebacf2: select
      count(*) as failures,
      count(*) != 0 as should_warn,
      count(*) != 0 as should_error
    from (
      
    
  
    
    



select total_invoices
from RETAIL.TRANSFORM.report_customer_invoices
where total_invoices is null



  
  
      
    ) dbt_internal_test
/* {"app": "dbt", "dbt_version": "1.12.2", "profile_name": "retail", "target_name": "dev", "node_id": "test.retail.not_null_report_customer_invoices_total_invoices.2a94ebacf2"} */
[0m03:59:50.068082 [debug] [Thread-2 (]: Opening a new connection, currently in state init
[0m03:59:50.070325 [debug] [Thread-1 (]: Using snowflake connection "test.retail.not_null_report_customer_invoices_country.b67037085c"
[0m03:59:50.077199 [debug] [Thread-1 (]: On test.retail.not_null_report_customer_invoices_country.b67037085c: select
      count(*) as failures,
      count(*) != 0 as should_warn,
      count(*) != 0 as should_error
    from (
      
    
  
    
    



select country
from RETAIL.TRANSFORM.report_customer_invoices
where country is null



  
  
      
    ) dbt_internal_test
/* {"app": "dbt", "dbt_version": "1.12.2", "profile_name": "retail", "target_name": "dev", "node_id": "test.retail.not_null_report_customer_invoices_country.b67037085c"} */
[0m03:59:50.089271 [debug] [Thread-4 (]: Using snowflake connection "test.retail.not_null_report_product_invoices_stock_code.f6f96df49b"
[0m03:59:50.091555 [debug] [Thread-4 (]: On test.retail.not_null_report_product_invoices_stock_code.f6f96df49b: select
      count(*) as failures,
      count(*) != 0 as should_warn,
      count(*) != 0 as should_error
    from (
      
    
  
    
    



select stock_code
from RETAIL.TRANSFORM.report_product_invoices
where stock_code is null



  
  
      
    ) dbt_internal_test
/* {"app": "dbt", "dbt_version": "1.12.2", "profile_name": "retail", "target_name": "dev", "node_id": "test.retail.not_null_report_product_invoices_stock_code.f6f96df49b"} */
[0m03:59:50.095013 [debug] [Thread-4 (]: Opening a new connection, currently in state init
[0m03:59:50.494765 [debug] [Thread-1 (]: SQL status: SUCCESS 1 in 0.410 seconds
[0m03:59:50.526747 [info ] [Thread-1 (]: 1 of 7 PASS not_null_report_customer_invoices_country .......................... [[32mPASS[0m in 0.78s]
[0m03:59:50.530119 [debug] [Thread-1 (]: Finished running node test.retail.not_null_report_customer_invoices_country.b67037085c
[0m03:59:50.532307 [debug] [Thread-1 (]: Began running node test.retail.not_null_report_product_invoices_total_quantity_sold.ef3a2ff4b2
[0m03:59:50.537996 [info ] [Thread-1 (]: 5 of 7 START test not_null_report_product_invoices_total_quantity_sold ......... [RUN]
[0m03:59:50.540244 [debug] [Thread-1 (]: Re-using an available connection from the pool (formerly test.retail.not_null_report_customer_invoices_country.b67037085c, now test.retail.not_null_report_product_invoices_total_quantity_sold.ef3a2ff4b2)
[0m03:59:50.542471 [debug] [Thread-1 (]: Began compiling node test.retail.not_null_report_product_invoices_total_quantity_sold.ef3a2ff4b2
[0m03:59:50.557250 [debug] [Thread-1 (]: Writing injected SQL for node "test.retail.not_null_report_product_invoices_total_quantity_sold.ef3a2ff4b2"
[0m03:59:50.582191 [debug] [Thread-1 (]: Began executing node test.retail.not_null_report_product_invoices_total_quantity_sold.ef3a2ff4b2
[0m03:59:50.587965 [debug] [Thread-1 (]: Writing runtime sql for node "test.retail.not_null_report_product_invoices_total_quantity_sold.ef3a2ff4b2"
[0m03:59:50.621792 [debug] [Thread-1 (]: Using snowflake connection "test.retail.not_null_report_product_invoices_total_quantity_sold.ef3a2ff4b2"
[0m03:59:50.623869 [debug] [Thread-1 (]: On test.retail.not_null_report_product_invoices_total_quantity_sold.ef3a2ff4b2: select
      count(*) as failures,
      count(*) != 0 as should_warn,
      count(*) != 0 as should_error
    from (
      
    
  
    
    



select total_quantity_sold
from RETAIL.TRANSFORM.report_product_invoices
where total_quantity_sold is null



  
  
      
    ) dbt_internal_test
/* {"app": "dbt", "dbt_version": "1.12.2", "profile_name": "retail", "target_name": "dev", "node_id": "test.retail.not_null_report_product_invoices_total_quantity_sold.ef3a2ff4b2"} */
[0m03:59:51.030269 [debug] [Thread-1 (]: SQL status: SUCCESS 1 in 0.404 seconds
[0m03:59:51.048283 [info ] [Thread-1 (]: 5 of 7 PASS not_null_report_product_invoices_total_quantity_sold ............... [[32mPASS[0m in 0.51s]
[0m03:59:51.052847 [debug] [Thread-1 (]: Finished running node test.retail.not_null_report_product_invoices_total_quantity_sold.ef3a2ff4b2
[0m03:59:51.055783 [debug] [Thread-1 (]: Began running node test.retail.not_null_report_year_invoices_num_invoices.c4a7ecd6a4
[0m03:59:51.058014 [info ] [Thread-1 (]: 6 of 7 START test not_null_report_year_invoices_num_invoices ................... [RUN]
[0m03:59:51.063606 [debug] [Thread-1 (]: Re-using an available connection from the pool (formerly test.retail.not_null_report_product_invoices_total_quantity_sold.ef3a2ff4b2, now test.retail.not_null_report_year_invoices_num_invoices.c4a7ecd6a4)
[0m03:59:51.065637 [debug] [Thread-1 (]: Began compiling node test.retail.not_null_report_year_invoices_num_invoices.c4a7ecd6a4
[0m03:59:51.087452 [debug] [Thread-1 (]: Writing injected SQL for node "test.retail.not_null_report_year_invoices_num_invoices.c4a7ecd6a4"
[0m03:59:51.112374 [debug] [Thread-1 (]: Began executing node test.retail.not_null_report_year_invoices_num_invoices.c4a7ecd6a4
[0m03:59:51.117334 [debug] [Thread-1 (]: Writing runtime sql for node "test.retail.not_null_report_year_invoices_num_invoices.c4a7ecd6a4"
[0m03:59:51.144874 [debug] [Thread-1 (]: Using snowflake connection "test.retail.not_null_report_year_invoices_num_invoices.c4a7ecd6a4"
[0m03:59:51.147530 [debug] [Thread-1 (]: On test.retail.not_null_report_year_invoices_num_invoices.c4a7ecd6a4: select
      count(*) as failures,
      count(*) != 0 as should_warn,
      count(*) != 0 as should_error
    from (
      
    
  
    
    



select num_invoices
from RETAIL.TRANSFORM.report_year_invoices
where num_invoices is null



  
  
      
    ) dbt_internal_test
/* {"app": "dbt", "dbt_version": "1.12.2", "profile_name": "retail", "target_name": "dev", "node_id": "test.retail.not_null_report_year_invoices_num_invoices.c4a7ecd6a4"} */
[0m03:59:51.541634 [debug] [Thread-1 (]: SQL status: SUCCESS 1 in 0.390 seconds
[0m03:59:51.554755 [info ] [Thread-1 (]: 6 of 7 PASS not_null_report_year_invoices_num_invoices ......................... [[32mPASS[0m in 0.49s]
[0m03:59:51.560850 [debug] [Thread-1 (]: Finished running node test.retail.not_null_report_year_invoices_num_invoices.c4a7ecd6a4
[0m03:59:51.563903 [debug] [Thread-1 (]: Began running node test.retail.not_null_report_year_invoices_year.710fb81a15
[0m03:59:51.568273 [info ] [Thread-1 (]: 7 of 7 START test not_null_report_year_invoices_year ........................... [RUN]
[0m03:59:51.571970 [debug] [Thread-1 (]: Re-using an available connection from the pool (formerly test.retail.not_null_report_year_invoices_num_invoices.c4a7ecd6a4, now test.retail.not_null_report_year_invoices_year.710fb81a15)
[0m03:59:51.579173 [debug] [Thread-1 (]: Began compiling node test.retail.not_null_report_year_invoices_year.710fb81a15
[0m03:59:51.590960 [debug] [Thread-1 (]: Writing injected SQL for node "test.retail.not_null_report_year_invoices_year.710fb81a15"
[0m03:59:51.621513 [debug] [Thread-1 (]: Began executing node test.retail.not_null_report_year_invoices_year.710fb81a15
[0m03:59:51.627380 [debug] [Thread-1 (]: Writing runtime sql for node "test.retail.not_null_report_year_invoices_year.710fb81a15"
[0m03:59:51.651939 [debug] [Thread-1 (]: Using snowflake connection "test.retail.not_null_report_year_invoices_year.710fb81a15"
[0m03:59:51.654031 [debug] [Thread-1 (]: On test.retail.not_null_report_year_invoices_year.710fb81a15: select
      count(*) as failures,
      count(*) != 0 as should_warn,
      count(*) != 0 as should_error
    from (
      
    
  
    
    



select year
from RETAIL.TRANSFORM.report_year_invoices
where year is null



  
  
      
    ) dbt_internal_test
/* {"app": "dbt", "dbt_version": "1.12.2", "profile_name": "retail", "target_name": "dev", "node_id": "test.retail.not_null_report_year_invoices_year.710fb81a15"} */
[0m03:59:51.726846 [debug] [Thread-3 (]: SQL status: SUCCESS 1 in 1.671 seconds
[0m03:59:51.731242 [info ] [Thread-3 (]: 3 of 7 PASS not_null_report_customer_invoices_total_revenue .................... [[32mPASS[0m in 1.98s]
[0m03:59:51.733739 [debug] [Thread-3 (]: Finished running node test.retail.not_null_report_customer_invoices_total_revenue.8eb986fc38
[0m03:59:51.908741 [debug] [Thread-4 (]: SQL status: SUCCESS 1 in 1.814 seconds
[0m03:59:51.913225 [info ] [Thread-4 (]: 4 of 7 PASS not_null_report_product_invoices_stock_code ........................ [[32mPASS[0m in 2.15s]
[0m03:59:51.915890 [debug] [Thread-4 (]: Finished running node test.retail.not_null_report_product_invoices_stock_code.f6f96df49b
[0m03:59:51.936448 [debug] [Thread-1 (]: SQL status: SUCCESS 1 in 0.280 seconds
[0m03:59:51.946144 [info ] [Thread-1 (]: 7 of 7 PASS not_null_report_year_invoices_year ................................. [[32mPASS[0m in 0.37s]
[0m03:59:51.950699 [debug] [Thread-1 (]: Finished running node test.retail.not_null_report_year_invoices_year.710fb81a15
[0m03:59:51.949403 [debug] [Thread-2 (]: SQL status: SUCCESS 1 in 1.881 seconds
[0m03:59:51.955778 [info ] [Thread-2 (]: 2 of 7 PASS not_null_report_customer_invoices_total_invoices ................... [[32mPASS[0m in 2.20s]
[0m03:59:51.960159 [debug] [Thread-2 (]: Finished running node test.retail.not_null_report_customer_invoices_total_invoices.2a94ebacf2
[0m03:59:51.968050 [debug] [MainThread]: Connection 'master' was properly closed.
[0m03:59:51.969492 [debug] [MainThread]: Connection 'test.retail.not_null_report_year_invoices_year.710fb81a15' was left open.
[0m03:59:51.970999 [debug] [MainThread]: On test.retail.not_null_report_year_invoices_year.710fb81a15: Close
[0m03:59:52.415166 [debug] [MainThread]: Connection 'test.retail.not_null_report_customer_invoices_total_revenue.8eb986fc38' was left open.
[0m03:59:52.416823 [debug] [MainThread]: On test.retail.not_null_report_customer_invoices_total_revenue.8eb986fc38: Close
[0m03:59:52.877899 [debug] [MainThread]: Connection 'test.retail.not_null_report_customer_invoices_total_invoices.2a94ebacf2' was left open.
[0m03:59:52.882531 [debug] [MainThread]: On test.retail.not_null_report_customer_invoices_total_invoices.2a94ebacf2: Close
[0m03:59:53.327914 [debug] [MainThread]: Connection 'test.retail.not_null_report_product_invoices_stock_code.f6f96df49b' was left open.
[0m03:59:53.329782 [debug] [MainThread]: On test.retail.not_null_report_product_invoices_stock_code.f6f96df49b: Close
[0m03:59:53.778765 [info ] [MainThread]: 
[0m03:59:53.780363 [info ] [MainThread]: Finished running 7 data tests in 0 hours 0 minutes and 6.41 seconds (6.41s).
[0m03:59:53.785459 [debug] [MainThread]: Command end result
[0m03:59:53.899084 [debug] [MainThread]: Wrote artifact WritableManifest to /usr/local/airflow/include/dbt/target/manifest.json
[0m03:59:53.912046 [debug] [MainThread]: Wrote artifact SemanticManifest to /usr/local/airflow/include/dbt/target/semantic_manifest.json
[0m03:59:53.923509 [debug] [MainThread]: Wrote artifact OsiDocument to /usr/local/airflow/include/dbt/target/osi_document.json
[0m03:59:53.954581 [debug] [MainThread]: Wrote artifact RunExecutionResult to /usr/local/airflow/include/dbt/target/run_results.json
[0m03:59:53.956082 [info ] [MainThread]: 
[0m03:59:53.958231 [info ] [MainThread]: [32mCompleted successfully[0m
[0m03:59:53.960103 [info ] [MainThread]: 
[0m03:59:53.962887 [info ] [MainThread]: Done. PASS=7 WARN=0 ERROR=0 SKIP=0 NO-OP=0 REUSED=0 TOTAL=7
[0m03:59:53.966993 [debug] [MainThread]: Resource report: {"command_name": "test", "command_success": true, "command_wall_clock_time": 13.527511, "process_in_blocks": "1737", "process_kernel_time": 3.091657, "process_mem_max_rss": "312568", "process_out_blocks": "24", "process_user_time": 10.161854}
[0m03:59:53.969866 [debug] [MainThread]: Command `dbt test` succeeded at 03:59:53.969442 after 13.53 seconds
[0m03:59:53.975224 [debug] [MainThread]: Sending event: {'category': 'dbt', 'action': 'invocation', 'label': 'end', 'context': [<snowplow_tracker.self_describing_json.SelfDescribingJson object at 0x753ee263bc50>, <snowplow_tracker.self_describing_json.SelfDescribingJson object at 0x753ee23ca2b0>, <snowplow_tracker.self_describing_json.SelfDescribingJson object at 0x753ee23ca6d0>]}
[0m03:59:53.978886 [debug] [MainThread]: Flushing usage events
[0m03:59:54.183294 [debug] [MainThread]: An error was encountered while trying to flush usage events
